رمز المتجر,اسم النشاط التجاري,السطر رقم 1 من العنوان,السطر رقم 2 من العنوان,السطر رقم 3 من العنوان,السطر رقم 4 من العنوان,السطر رقم 5 من العنوان,المنطقة المحلية الفرعية,منطقة محلية,منطقة إدارية,البلد / المنطقة,الرمز البريدي,خط العرض,خط الطول,الهاتف الأساسي,هواتف إضافية,الموقع الإلكتروني,الفئة الأساسية,الفئات الإضافية,ساعات العمل يوم الأحد,ساعات العمل يوم الاثنين,ساعات العمل يوم الثلاثاء,ساعات العمل يوم الأربعاء,ساعات العمل يوم الخميس,ساعات العمل يوم الجمعة,ساعات العمل يوم السبت,ساعات العمل الخاصة,من النشاط التجاري,تاريخ الافتتاح,صورة الشعار,صورة الغلاف,صور أخرى,التصنيفات,هاتف إضافات مواقع AdWords,الدفعات: بطاقات ائتمان (pay_credit_card_types_accepted): American Express (american_express),الدفعات: بطاقات ائتمان (pay_credit_card_types_accepted): MasterCard (mastercard),الدفعات: بطاقات ائتمان (pay_credit_card_types_accepted): VISA (visa),عناوين URL لصفحة المكان: رابط القائمة (url_menu),عناوين URL لصفحة المكان: روابط الطلبات المسبقة (url_order_ahead),من النشاط التجاري: معرَّف كنشاط تجاري تملكه امرأة (is_owned_by_women),وسائل الراحة: اتصال Wi-Fi (wi_fi)
1,نشاطي التجاري,Fernando Fader 166,,,,,,Villa Carlos Paz,Córdoba,AR,,,,011 2345-6790,"011 2345-6791, 011 2345-6792",https://www.google.com,مطعم,"بوظة,توصيل البيتزا",,09:00-17:00,09:00-17:00,09:00-17:00,09:00-17:00,09:00-17:00,23:00-02:00,"2024-12-31: 05:00-23:00, 2025-01-01: x",نحن متجر مستقل لبيع المثلَّجات يقع على بعد خطوات من وسط المدينة، ونفخر بأننا المتجر المفضل لدى السكان المحليين لمقابلة الأصدقاء وتناول كوز من البوظة أو طلب بيتزا طازجة يتم توصيلها مباشرة إلى منازلهم. ونقدّم 35 نكهة من المثلَّجات المصنوعة بالبيت التي يتم تصنيعها بدون استخدام الآلات والمشروبات المثلَّجة على مدار العام، ويتم تحضير فطائر البيتزا في الفرن على غرار الفطائر التي يتم إعدادها في نيويورك كل يوم بداية من منتصف النهار حتى وقت إغلاق المتجر. تفضل بزيارتنا اليوم.,,https://www.gstatic.com/images/branding/product/2x/google_my_business_512dp.png,https://lh5.googleusercontent.com/-PHmqjc_EgoM/Vo1zG1aivdI/AAAAAAAAMdc/QiMFMYVulFsnyBNr8f82we9tmZ9_VSb-w/w2048-h1152-no/02-coverphotos-googleplus.png,"https://www.gstatic.com/images/branding/product/2x/google_plus_512dp.png, https://www.gstatic.com/images/branding/product/1x/chrome_512dp.png","عدد زيارات كبير, افتتح مؤخرًا",011 2345-6794,نعم,نعم,نعم,https://www.google.com/menu,"https://www.google.com/order-ahead-1, https://www.google.com/order-ahead-2",نعم,مجانًا (free_wi_fi)
2,نشاطي التجاري,Bartolomé Mitre 1411,,,,,,CABA,,AR,C1037ABA,,,011 2345-6791,"011 2345-6792, 011 2345-6793",https://www.google.com,مطعم,"بوظة,توصيل البيتزا",,09:00-17:00,09:00-17:00,09:00-17:00,09:00-17:00,09:00-17:00,23:00-02:00,"2024-12-31: 05:00-23:00, 2025-01-01: x",نحن متجر مستقل لبيع المثلَّجات يقع على بعد خطوات من وسط المدينة، ونفخر بأننا المتجر المفضل لدى السكان المحليين لمقابلة الأصدقاء وتناول كوز من البوظة أو طلب بيتزا طازجة يتم توصيلها مباشرة إلى منازلهم. ونقدّم 35 نكهة من المثلَّجات المصنوعة بالبيت التي يتم تصنيعها بدون استخدام الآلات والمشروبات المثلَّجة على مدار العام، ويتم تحضير فطائر البيتزا في الفرن على غرار الفطائر التي يتم إعدادها في نيويورك كل يوم بداية من منتصف النهار حتى وقت إغلاق المتجر. تفضل بزيارتنا اليوم.,,https://www.gstatic.com/images/branding/product/2x/google_my_business_512dp.png,https://lh5.googleusercontent.com/-PHmqjc_EgoM/Vo1zG1aivdI/AAAAAAAAMdc/QiMFMYVulFsnyBNr8f82we9tmZ9_VSb-w/w2048-h1152-no/02-coverphotos-googleplus.png,"https://www.gstatic.com/images/branding/product/2x/google_plus_512dp.png, https://www.gstatic.com/images/branding/product/1x/chrome_512dp.png","عدد زيارات كبير, افتتح مؤخرًا",011 2345-6795,لا,نعم,نعم,https://www.google.com/menu,"https://www.google.com/order-ahead-1, https://www.google.com/order-ahead-2",نعم,مجانًا (free_wi_fi)
3,نشاطي التجاري,12 Garafalo Crescent,,,,,,Gosford,NSW,AU,2175,,,(02) 1234 5681,"(02) 1234 5682, (02) 1234 5683",https://www.google.com,مطعم,"بوظة,توصيل البيتزا",,09:00-17:00,09:00-17:00,09:00-17:00,09:00-17:00,09:00-17:00,23:00-02:00,"2024-12-31: 05:00-23:00, 2025-01-01: x",نحن متجر مستقل لبيع المثلَّجات يقع على بعد خطوات من وسط المدينة، ونفخر بأننا المتجر المفضل لدى السكان المحليين لمقابلة الأصدقاء وتناول كوز من البوظة أو طلب بيتزا طازجة يتم توصيلها مباشرة إلى منازلهم. ونقدّم 35 نكهة من المثلَّجات المصنوعة بالبيت التي يتم تصنيعها بدون استخدام الآلات والمشروبات المثلَّجة على مدار العام، ويتم تحضير فطائر البيتزا في الفرن على غرار الفطائر التي يتم إعدادها في نيويورك كل يوم بداية من منتصف النهار حتى وقت إغلاق المتجر. تفضل بزيارتنا اليوم.,,https://www.gstatic.com/images/branding/product/2x/google_my_business_512dp.png,https://lh5.googleusercontent.com/-PHmqjc_EgoM/Vo1zG1aivdI/AAAAAAAAMdc/QiMFMYVulFsnyBNr8f82we9tmZ9_VSb-w/w2048-h1152-no/02-coverphotos-googleplus.png,"https://www.gstatic.com/images/branding/product/2x/google_plus_512dp.png, https://www.gstatic.com/images/branding/product/1x/chrome_512dp.png","عدد زيارات كبير, افتتح مؤخرًا",(02) 1234 5685,,لا,نعم,https://www.google.com/menu,"https://www.google.com/order-ahead-1, https://www.google.com/order-ahead-2",نعم,مجانًا (free_wi_fi)
4,نشاطي التجاري,Unit 8/17-18 Megan Avenue,,,,,,Allawah,VIC,AU,3165,,,(02) 1234 5682,"(02) 1234 5683, (02) 1234 5684",https://www.google.com,مطعم,"بوظة,توصيل البيتزا",,09:00-17:00,09:00-17:00,09:00-17:00,09:00-17:00,09:00-17:00,23:00-02:00,"2024-12-31: 05:00-23:00, 2025-01-01: x",نحن متجر مستقل لبيع المثلَّجات يقع على بعد خطوات من وسط المدينة، ونفخر بأننا المتجر المفضل لدى السكان المحليين لمقابلة الأصدقاء وتناول كوز من البوظة أو طلب بيتزا طازجة يتم توصيلها مباشرة إلى منازلهم. ونقدّم 35 نكهة من المثلَّجات المصنوعة بالبيت التي يتم تصنيعها بدون استخدام الآلات والمشروبات المثلَّجة على مدار العام، ويتم تحضير فطائر البيتزا في الفرن على غرار الفطائر التي يتم إعدادها في نيويورك كل يوم بداية من منتصف النهار حتى وقت إغلاق المتجر. تفضل بزيارتنا اليوم.,,https://www.gstatic.com/images/branding/product/2x/google_my_business_512dp.png,https://lh5.googleusercontent.com/-PHmqjc_EgoM/Vo1zG1aivdI/AAAAAAAAMdc/QiMFMYVulFsnyBNr8f82we9tmZ9_VSb-w/w2048-h1152-no/02-coverphotos-googleplus.png,"https://www.gstatic.com/images/branding/product/2x/google_plus_512dp.png, https://www.gstatic.com/images/branding/product/1x/chrome_512dp.png","عدد زيارات كبير, افتتح مؤخرًا",(02) 1234 5686,نعم,لا,نعم,https://www.google.com/menu,"https://www.google.com/order-ahead-1, https://www.google.com/order-ahead-2",نعم,مجانًا (free_wi_fi)
5,نشاطي التجاري,RMB 26,,,,,,Karlgoolie,WA,AU,6430,,,(02) 1234 5683,"(02) 1234 5684, (02) 1234 5685",https://www.google.com,مطعم,"بوظة,توصيل البيتزا",,09:00-17:00,09:00-17:00,09:00-17:00,09:00-17:00,09:00-17:00,23:00-02:00,"2024-12-31: 05:00-23:00, 2025-01-01: x",نحن متجر مستقل لبيع المثلَّجات يقع على بعد خطوات من وسط المدينة، ونفخر بأننا المتجر المفضل لدى السكان المحليين لمقابلة الأصدقاء وتناول كوز من البوظة أو طلب بيتزا طازجة يتم توصيلها مباشرة إلى منازلهم. ونقدّم 35 نكهة من المثلَّجات المصنوعة بالبيت التي يتم تصنيعها بدون استخدام الآلات والمشروبات المثلَّجة على مدار العام، ويتم تحضير فطائر البيتزا في الفرن على غرار الفطائر التي يتم إعدادها في نيويورك كل يوم بداية من منتصف النهار حتى وقت إغلاق المتجر. تفضل بزيارتنا اليوم.,,https://www.gstatic.com/images/branding/product/2x/google_my_business_512dp.png,https://lh5.googleusercontent.com/-PHmqjc_EgoM/Vo1zG1aivdI/AAAAAAAAMdc/QiMFMYVulFsnyBNr8f82we9tmZ9_VSb-w/w2048-h1152-no/02-coverphotos-googleplus.png,"https://www.gstatic.com/images/branding/product/2x/google_plus_512dp.png, https://www.gstatic.com/images/branding/product/1x/chrome_512dp.png","عدد زيارات كبير, افتتح مؤخرًا",(02) 1234 5687,لا,,نعم,https://www.google.com/menu,"https://www.google.com/order-ahead-1, https://www.google.com/order-ahead-2",نعم,مجانًا (free_wi_fi)
6,نشاطي التجاري,"Avenida Paulista, 358",,,,,Bela Vista ,São Paulo,SP,BR,01310-000,,,(11) 2345-6795,"(11) 2345-6796, (11) 2345-6797",https://www.google.com,مطعم,"بوظة,توصيل البيتزا",,09:00-17:00,09:00-17:00,09:00-17:00,09:00-17:00,09:00-17:00,23:00-02:00,"2024-12-31: 05:00-23:00, 2025-01-01: x",نحن متجر مستقل لبيع المثلَّجات يقع على بعد خطوات من وسط المدينة، ونفخر بأننا المتجر المفضل لدى السكان المحليين لمقابلة الأصدقاء وتناول كوز من البوظة أو طلب بيتزا طازجة يتم توصيلها مباشرة إلى منازلهم. ونقدّم 35 نكهة من المثلَّجات المصنوعة بالبيت التي يتم تصنيعها بدون استخدام الآلات والمشروبات المثلَّجة على مدار العام، ويتم تحضير فطائر البيتزا في الفرن على غرار الفطائر التي يتم إعدادها في نيويورك كل يوم بداية من منتصف النهار حتى وقت إغلاق المتجر. تفضل بزيارتنا اليوم.,,https://www.gstatic.com/images/branding/product/2x/google_my_business_512dp.png,https://lh5.googleusercontent.com/-PHmqjc_EgoM/Vo1zG1aivdI/AAAAAAAAMdc/QiMFMYVulFsnyBNr8f82we9tmZ9_VSb-w/w2048-h1152-no/02-coverphotos-googleplus.png,"https://www.gstatic.com/images/branding/product/2x/google_plus_512dp.png, https://www.gstatic.com/images/branding/product/1x/chrome_512dp.png","عدد زيارات كبير, افتتح مؤخرًا",(11) 2345-6799,,,نعم,https://www.google.com/menu,"https://www.google.com/order-ahead-1, https://www.google.com/order-ahead-2",نعم,مجانًا (free_wi_fi)
7,نشاطي التجاري,"CLN 207, Bloco B","1° Andar, Suite 11",,,,Asa Norte ,Brasília,DF,BR,70852-520,,,(11) 2345-6796,"(11) 2345-6797, (11) 2345-6798",https://www.google.com,مطعم,"بوظة,توصيل البيتزا",,09:00-17:00,09:00-17:00,09:00-17:00,09:00-17:00,09:00-17:00,23:00-02:00,"2024-12-31: 05:00-23:00, 2025-01-01: x",نحن متجر مستقل لبيع المثلَّجات يقع على بعد خطوات من وسط المدينة، ونفخر بأننا المتجر المفضل لدى السكان المحليين لمقابلة الأصدقاء وتناول كوز من البوظة أو طلب بيتزا طازجة يتم توصيلها مباشرة إلى منازلهم. ونقدّم 35 نكهة من المثلَّجات المصنوعة بالبيت التي يتم تصنيعها بدون استخدام الآلات والمشروبات المثلَّجة على مدار العام، ويتم تحضير فطائر البيتزا في الفرن على غرار الفطائر التي يتم إعدادها في نيويورك كل يوم بداية من منتصف النهار حتى وقت إغلاق المتجر. تفضل بزيارتنا اليوم.,,https://www.gstatic.com/images/branding/product/2x/google_my_business_512dp.png,https://lh5.googleusercontent.com/-PHmqjc_EgoM/Vo1zG1aivdI/AAAAAAAAMdc/QiMFMYVulFsnyBNr8f82we9tmZ9_VSb-w/w2048-h1152-no/02-coverphotos-googleplus.png,"https://www.gstatic.com/images/branding/product/2x/google_plus_512dp.png, https://www.gstatic.com/images/branding/product/1x/chrome_512dp.png","عدد زيارات كبير, افتتح مؤخرًا",(11) 2345-6800,نعم,نعم,نعم,https://www.google.com/menu,"https://www.google.com/order-ahead-1, https://www.google.com/order-ahead-2",نعم,مجانًا (free_wi_fi)
8,نشاطي التجاري,"R. Irmã Arminda, 10-50",,,,,Jardim Brasil,Bauru,SP,BR,17011-160,-22.333258,-49.058316,(11) 2345-6797,"(11) 2345-6798, (11) 2345-6799",https://www.google.com,مطعم,"بوظة,توصيل البيتزا",,09:00-17:00,09:00-17:00,09:00-17:00,09:00-17:00,09:00-17:00,23:00-02:00,"2024-12-31: 05:00-23:00, 2025-01-01: x",نحن متجر مستقل لبيع المثلَّجات يقع على بعد خطوات من وسط المدينة، ونفخر بأننا المتجر المفضل لدى السكان المحليين لمقابلة الأصدقاء وتناول كوز من البوظة أو طلب بيتزا طازجة يتم توصيلها مباشرة إلى منازلهم. ونقدّم 35 نكهة من المثلَّجات المصنوعة بالبيت التي يتم تصنيعها بدون استخدام الآلات والمشروبات المثلَّجة على مدار العام، ويتم تحضير فطائر البيتزا في الفرن على غرار الفطائر التي يتم إعدادها في نيويورك كل يوم بداية من منتصف النهار حتى وقت إغلاق المتجر. تفضل بزيارتنا اليوم.,,https://www.gstatic.com/images/branding/product/2x/google_my_business_512dp.png,https://lh5.googleusercontent.com/-PHmqjc_EgoM/Vo1zG1aivdI/AAAAAAAAMdc/QiMFMYVulFsnyBNr8f82we9tmZ9_VSb-w/w2048-h1152-no/02-coverphotos-googleplus.png,"https://www.gstatic.com/images/branding/product/2x/google_plus_512dp.png, https://www.gstatic.com/images/branding/product/1x/chrome_512dp.png","عدد زيارات كبير, افتتح مؤخرًا",(11) 2345-6801,لا,نعم,نعم,https://www.google.com/menu,"https://www.google.com/order-ahead-1, https://www.google.com/order-ahead-2",نعم,مجانًا (free_wi_fi)
9,نشاطي التجاري,"101 Sul, Avenida NS 1, Conjunto 2, Lote 3",,,,,Plano Piloto Sul,Palmas,TO,BR,77015-973,,,(11) 2345-6798,"(11) 2345-6799, (11) 2345-6800",https://www.google.com,مطعم,"بوظة,توصيل البيتزا",,09:00-17:00,09:00-17:00,09:00-17:00,09:00-17:00,09:00-17:00,23:00-02:00,"2024-12-31: 05:00-23:00, 2025-01-01: x",نحن متجر مستقل لبيع المثلَّجات يقع على بعد خطوات من وسط المدينة، ونفخر بأننا المتجر المفضل لدى السكان المحليين لمقابلة الأصدقاء وتناول كوز من البوظة أو طلب بيتزا طازجة يتم توصيلها مباشرة إلى منازلهم. ونقدّم 35 نكهة من المثلَّجات المصنوعة بالبيت التي يتم تصنيعها بدون استخدام الآلات والمشروبات المثلَّجة على مدار العام، ويتم تحضير فطائر البيتزا في الفرن على غرار الفطائر التي يتم إعدادها في نيويورك كل يوم بداية من منتصف النهار حتى وقت إغلاق المتجر. تفضل بزيارتنا اليوم.,,https://www.gstatic.com/images/branding/product/2x/google_my_business_512dp.png,https://lh5.googleusercontent.com/-PHmqjc_EgoM/Vo1zG1aivdI/AAAAAAAAMdc/QiMFMYVulFsnyBNr8f82we9tmZ9_VSb-w/w2048-h1152-no/02-coverphotos-googleplus.png,"https://www.gstatic.com/images/branding/product/2x/google_plus_512dp.png, https://www.gstatic.com/images/branding/product/1x/chrome_512dp.png","عدد زيارات كبير, افتتح مؤخرًا",(11) 2345-6802,,لا,نعم,https://www.google.com/menu,"https://www.google.com/order-ahead-1, https://www.google.com/order-ahead-2",نعم,مجانًا (free_wi_fi)
10,نشاطي التجاري,"Av. Montreal, Qd.4, Lt.9, 53",,,,,Residencial Canadá,Goiânia,GO,BR,74370-610,,,(11) 2345-6799,"(11) 2345-6800, (11) 2345-6801",https://www.google.com,مطعم,"بوظة,توصيل البيتزا",,09:00-17:00,09:00-17:00,09:00-17:00,09:00-17:00,09:00-17:00,23:00-02:00,"2024-12-31: 05:00-23:00, 2025-01-01: x",نحن متجر مستقل لبيع المثلَّجات يقع على بعد خطوات من وسط المدينة، ونفخر بأننا المتجر المفضل لدى السكان المحليين لمقابلة الأصدقاء وتناول كوز من البوظة أو طلب بيتزا طازجة يتم توصيلها مباشرة إلى منازلهم. ونقدّم 35 نكهة من المثلَّجات المصنوعة بالبيت التي يتم تصنيعها بدون استخدام الآلات والمشروبات المثلَّجة على مدار العام، ويتم تحضير فطائر البيتزا في الفرن على غرار الفطائر التي يتم إعدادها في نيويورك كل يوم بداية من منتصف النهار حتى وقت إغلاق المتجر. تفضل بزيارتنا اليوم.,,https://www.gstatic.com/images/branding/product/2x/google_my_business_512dp.png,https://lh5.googleusercontent.com/-PHmqjc_EgoM/Vo1zG1aivdI/AAAAAAAAMdc/QiMFMYVulFsnyBNr8f82we9tmZ9_VSb-w/w2048-h1152-no/02-coverphotos-googleplus.png,"https://www.gstatic.com/images/branding/product/2x/google_plus_512dp.png, https://www.gstatic.com/images/branding/product/1x/chrome_512dp.png","عدد زيارات كبير, افتتح مؤخرًا",(11) 2345-6803,نعم,لا,نعم,https://www.google.com/menu,"https://www.google.com/order-ahead-1, https://www.google.com/order-ahead-2",نعم,مجانًا (free_wi_fi)
11,نشاطي التجاري,"Rodovia BR-020, Km 3 ",,,,,Morada Nobre,Barreiras,BA,BR,47810-902,,,(11) 2345-6800,"(11) 2345-6801, (11) 2345-6802",https://www.google.com,مطعم,"بوظة,توصيل البيتزا",,09:00-17:00,09:00-17:00,09:00-17:00,09:00-17:00,09:00-17:00,23:00-02:00,"2024-12-31: 05:00-23:00, 2025-01-01: x",نحن متجر مستقل لبيع المثلَّجات يقع على بعد خطوات من وسط المدينة، ونفخر بأننا المتجر المفضل لدى السكان المحليين لمقابلة الأصدقاء وتناول كوز من البوظة أو طلب بيتزا طازجة يتم توصيلها مباشرة إلى منازلهم. ونقدّم 35 نكهة من المثلَّجات المصنوعة بالبيت التي يتم تصنيعها بدون استخدام الآلات والمشروبات المثلَّجة على مدار العام، ويتم تحضير فطائر البيتزا في الفرن على غرار الفطائر التي يتم إعدادها في نيويورك كل يوم بداية من منتصف النهار حتى وقت إغلاق المتجر. تفضل بزيارتنا اليوم.,,https://www.gstatic.com/images/branding/product/2x/google_my_business_512dp.png,https://lh5.googleusercontent.com/-PHmqjc_EgoM/Vo1zG1aivdI/AAAAAAAAMdc/QiMFMYVulFsnyBNr8f82we9tmZ9_VSb-w/w2048-h1152-no/02-coverphotos-googleplus.png,"https://www.gstatic.com/images/branding/product/2x/google_plus_512dp.png, https://www.gstatic.com/images/branding/product/1x/chrome_512dp.png","عدد زيارات كبير, افتتح مؤخرًا",(11) 2345-6804,لا,,نعم,https://www.google.com/menu,"https://www.google.com/order-ahead-1, https://www.google.com/order-ahead-2",نعم,مجانًا (free_wi_fi)
12,نشاطي التجاري,"Av. Vinte de Janeiro, s/nº",,,,,Galeão,Rio de Janeiro,RJ,BR,21942-900,,,(11) 2345-6801,"(11) 2345-6802, (11) 2345-6803",https://www.google.com,مطعم,"بوظة,توصيل البيتزا",,09:00-17:00,09:00-17:00,09:00-17:00,09:00-17:00,09:00-17:00,23:00-02:00,"2024-12-31: 05:00-23:00, 2025-01-01: x",نحن متجر مستقل لبيع المثلَّجات يقع على بعد خطوات من وسط المدينة، ونفخر بأننا المتجر المفضل لدى السكان المحليين لمقابلة الأصدقاء وتناول كوز من البوظة أو طلب بيتزا طازجة يتم توصيلها مباشرة إلى منازلهم. ونقدّم 35 نكهة من المثلَّجات المصنوعة بالبيت التي يتم تصنيعها بدون استخدام الآلات والمشروبات المثلَّجة على مدار العام، ويتم تحضير فطائر البيتزا في الفرن على غرار الفطائر التي يتم إعدادها في نيويورك كل يوم بداية من منتصف النهار حتى وقت إغلاق المتجر. تفضل بزيارتنا اليوم.,,https://www.gstatic.com/images/branding/product/2x/google_my_business_512dp.png,https://lh5.googleusercontent.com/-PHmqjc_EgoM/Vo1zG1aivdI/AAAAAAAAMdc/QiMFMYVulFsnyBNr8f82we9tmZ9_VSb-w/w2048-h1152-no/02-coverphotos-googleplus.png,"https://www.gstatic.com/images/branding/product/2x/google_plus_512dp.png, https://www.gstatic.com/images/branding/product/1x/chrome_512dp.png","عدد زيارات كبير, افتتح مؤخرًا",(11) 2345-6805,,,نعم,https://www.google.com/menu,"https://www.google.com/order-ahead-1, https://www.google.com/order-ahead-2",نعم,مجانًا (free_wi_fi)
13,نشاطي التجاري,"1253, avenue McGill College",,,,,,Montréal,QC,CA,H3B 2Y5,,,(506) 234-5691,"(506) 234-5692, (506) 234-5693",https://www.google.com,مطعم,"بوظة,توصيل البيتزا",,09:00-17:00,09:00-17:00,09:00-17:00,09:00-17:00,09:00-17:00,23:00-02:00,"2024-12-31: 05:00-23:00, 2025-01-01: x",نحن متجر مستقل لبيع المثلَّجات يقع على بعد خطوات من وسط المدينة، ونفخر بأننا المتجر المفضل لدى السكان المحليين لمقابلة الأصدقاء وتناول كوز من البوظة أو طلب بيتزا طازجة يتم توصيلها مباشرة إلى منازلهم. ونقدّم 35 نكهة من المثلَّجات المصنوعة بالبيت التي يتم تصنيعها بدون استخدام الآلات والمشروبات المثلَّجة على مدار العام، ويتم تحضير فطائر البيتزا في الفرن على غرار الفطائر التي يتم إعدادها في نيويورك كل يوم بداية من منتصف النهار حتى وقت إغلاق المتجر. تفضل بزيارتنا اليوم.,,https://www.gstatic.com/images/branding/product/2x/google_my_business_512dp.png,https://lh5.googleusercontent.com/-PHmqjc_EgoM/Vo1zG1aivdI/AAAAAAAAMdc/QiMFMYVulFsnyBNr8f82we9tmZ9_VSb-w/w2048-h1152-no/02-coverphotos-googleplus.png,"https://www.gstatic.com/images/branding/product/2x/google_plus_512dp.png, https://www.gstatic.com/images/branding/product/1x/chrome_512dp.png","عدد زيارات كبير, افتتح مؤخرًا",(506) 234-5695,نعم,نعم,نعم,https://www.google.com/menu,"https://www.google.com/order-ahead-1, https://www.google.com/order-ahead-2",نعم,مجانًا (free_wi_fi)
14,نشاطي التجاري,"2705, boulevard Laurier, bureau 500",,,,,,Québec,QC,CA,G1V 4G2,,,(506) 234-5692,"(506) 234-5693, (506) 234-5694",https://www.google.com,مطعم,"بوظة,توصيل البيتزا",,09:00-17:00,09:00-17:00,09:00-17:00,09:00-17:00,09:00-17:00,23:00-02:00,"2024-12-31: 05:00-23:00, 2025-01-01: x",نحن متجر مستقل لبيع المثلَّجات يقع على بعد خطوات من وسط المدينة، ونفخر بأننا المتجر المفضل لدى السكان المحليين لمقابلة الأصدقاء وتناول كوز من البوظة أو طلب بيتزا طازجة يتم توصيلها مباشرة إلى منازلهم. ونقدّم 35 نكهة من المثلَّجات المصنوعة بالبيت التي يتم تصنيعها بدون استخدام الآلات والمشروبات المثلَّجة على مدار العام، ويتم تحضير فطائر البيتزا في الفرن على غرار الفطائر التي يتم إعدادها في نيويورك كل يوم بداية من منتصف النهار حتى وقت إغلاق المتجر. تفضل بزيارتنا اليوم.,,https://www.gstatic.com/images/branding/product/2x/google_my_business_512dp.png,https://lh5.googleusercontent.com/-PHmqjc_EgoM/Vo1zG1aivdI/AAAAAAAAMdc/QiMFMYVulFsnyBNr8f82we9tmZ9_VSb-w/w2048-h1152-no/02-coverphotos-googleplus.png,"https://www.gstatic.com/images/branding/product/2x/google_plus_512dp.png, https://www.gstatic.com/images/branding/product/1x/chrome_512dp.png","عدد زيارات كبير, افتتح مؤخرًا",(506) 234-5696,لا,نعم,نعم,https://www.google.com/menu,"https://www.google.com/order-ahead-1, https://www.google.com/order-ahead-2",نعم,مجانًا (free_wi_fi)
15,نشاطي التجاري,"7151, rue Jean-Talon est, 8e étage",,,,,,Anjou,QC,CA,H1M 3N8,,,(506) 234-5693,"(506) 234-5694, (506) 234-5695",https://www.google.com,مطعم,"بوظة,توصيل البيتزا",,09:00-17:00,09:00-17:00,09:00-17:00,09:00-17:00,09:00-17:00,23:00-02:00,"2024-12-31: 05:00-23:00, 2025-01-01: x",نحن متجر مستقل لبيع المثلَّجات يقع على بعد خطوات من وسط المدينة، ونفخر بأننا المتجر المفضل لدى السكان المحليين لمقابلة الأصدقاء وتناول كوز من البوظة أو طلب بيتزا طازجة يتم توصيلها مباشرة إلى منازلهم. ونقدّم 35 نكهة من المثلَّجات المصنوعة بالبيت التي يتم تصنيعها بدون استخدام الآلات والمشروبات المثلَّجة على مدار العام، ويتم تحضير فطائر البيتزا في الفرن على غرار الفطائر التي يتم إعدادها في نيويورك كل يوم بداية من منتصف النهار حتى وقت إغلاق المتجر. تفضل بزيارتنا اليوم.,,https://www.gstatic.com/images/branding/product/2x/google_my_business_512dp.png,https://lh5.googleusercontent.com/-PHmqjc_EgoM/Vo1zG1aivdI/AAAAAAAAMdc/QiMFMYVulFsnyBNr8f82we9tmZ9_VSb-w/w2048-h1152-no/02-coverphotos-googleplus.png,"https://www.gstatic.com/images/branding/product/2x/google_plus_512dp.png, https://www.gstatic.com/images/branding/product/1x/chrome_512dp.png","عدد زيارات كبير, افتتح مؤخرًا",(506) 234-5697,,لا,نعم,https://www.google.com/menu,"https://www.google.com/order-ahead-1, https://www.google.com/order-ahead-2",نعم,مجانًا (free_wi_fi)
16,نشاطي التجاري,Pasaje Veracruz 1098,,,,,,Antogagasta,II Región,CL,,,,(2) 2123 4583,"(2) 2123 4584, (2) 2123 4585",https://www.google.com,مطعم,"بوظة,توصيل البيتزا",,09:00-17:00,09:00-17:00,09:00-17:00,09:00-17:00,09:00-17:00,23:00-02:00,"2024-12-31: 05:00-23:00, 2025-01-01: x",نحن متجر مستقل لبيع المثلَّجات يقع على بعد خطوات من وسط المدينة، ونفخر بأننا المتجر المفضل لدى السكان المحليين لمقابلة الأصدقاء وتناول كوز من البوظة أو طلب بيتزا طازجة يتم توصيلها مباشرة إلى منازلهم. ونقدّم 35 نكهة من المثلَّجات المصنوعة بالبيت التي يتم تصنيعها بدون استخدام الآلات والمشروبات المثلَّجة على مدار العام، ويتم تحضير فطائر البيتزا في الفرن على غرار الفطائر التي يتم إعدادها في نيويورك كل يوم بداية من منتصف النهار حتى وقت إغلاق المتجر. تفضل بزيارتنا اليوم.,,https://www.gstatic.com/images/branding/product/2x/google_my_business_512dp.png,https://lh5.googleusercontent.com/-PHmqjc_EgoM/Vo1zG1aivdI/AAAAAAAAMdc/QiMFMYVulFsnyBNr8f82we9tmZ9_VSb-w/w2048-h1152-no/02-coverphotos-googleplus.png,"https://www.gstatic.com/images/branding/product/2x/google_plus_512dp.png, https://www.gstatic.com/images/branding/product/1x/chrome_512dp.png","عدد زيارات كبير, افتتح مؤخرًا",(2) 2123 4587,نعم,لا,نعم,https://www.google.com/menu,"https://www.google.com/order-ahead-1, https://www.google.com/order-ahead-2",نعم,مجانًا (free_wi_fi)
17,نشاطي التجاري,Camino Agua del Carrizal 9472,,,,,,Santiago,Región Metropolitana,CL,,,,(2) 2123 4584,"(2) 2123 4585, (2) 2123 4586",https://www.google.com,مطعم,"بوظة,توصيل البيتزا",,09:00-17:00,09:00-17:00,09:00-17:00,09:00-17:00,09:00-17:00,23:00-02:00,"2024-12-31: 05:00-23:00, 2025-01-01: x",نحن متجر مستقل لبيع المثلَّجات يقع على بعد خطوات من وسط المدينة، ونفخر بأننا المتجر المفضل لدى السكان المحليين لمقابلة الأصدقاء وتناول كوز من البوظة أو طلب بيتزا طازجة يتم توصيلها مباشرة إلى منازلهم. ونقدّم 35 نكهة من المثلَّجات المصنوعة بالبيت التي يتم تصنيعها بدون استخدام الآلات والمشروبات المثلَّجة على مدار العام، ويتم تحضير فطائر البيتزا في الفرن على غرار الفطائر التي يتم إعدادها في نيويورك كل يوم بداية من منتصف النهار حتى وقت إغلاق المتجر. تفضل بزيارتنا اليوم.,,https://www.gstatic.com/images/branding/product/2x/google_my_business_512dp.png,https://lh5.googleusercontent.com/-PHmqjc_EgoM/Vo1zG1aivdI/AAAAAAAAMdc/QiMFMYVulFsnyBNr8f82we9tmZ9_VSb-w/w2048-h1152-no/02-coverphotos-googleplus.png,"https://www.gstatic.com/images/branding/product/2x/google_plus_512dp.png, https://www.gstatic.com/images/branding/product/1x/chrome_512dp.png","عدد زيارات كبير, افتتح مؤخرًا",(2) 2123 4588,لا,,نعم,https://www.google.com/menu,"https://www.google.com/order-ahead-1, https://www.google.com/order-ahead-2",نعم,مجانًا (free_wi_fi)
18,نشاطي التجاري,Calle 70 #6-09,,,,,,,Bogotá,CO,,,,(601) 2345696,"(601) 2345697, (601) 2345698",https://www.google.com,مطعم,"بوظة,توصيل البيتزا",,09:00-17:00,09:00-17:00,09:00-17:00,09:00-17:00,09:00-17:00,23:00-02:00,"2024-12-31: 05:00-23:00, 2025-01-01: x",نحن متجر مستقل لبيع المثلَّجات يقع على بعد خطوات من وسط المدينة، ونفخر بأننا المتجر المفضل لدى السكان المحليين لمقابلة الأصدقاء وتناول كوز من البوظة أو طلب بيتزا طازجة يتم توصيلها مباشرة إلى منازلهم. ونقدّم 35 نكهة من المثلَّجات المصنوعة بالبيت التي يتم تصنيعها بدون استخدام الآلات والمشروبات المثلَّجة على مدار العام، ويتم تحضير فطائر البيتزا في الفرن على غرار الفطائر التي يتم إعدادها في نيويورك كل يوم بداية من منتصف النهار حتى وقت إغلاق المتجر. تفضل بزيارتنا اليوم.,,https://www.gstatic.com/images/branding/product/2x/google_my_business_512dp.png,https://lh5.googleusercontent.com/-PHmqjc_EgoM/Vo1zG1aivdI/AAAAAAAAMdc/QiMFMYVulFsnyBNr8f82we9tmZ9_VSb-w/w2048-h1152-no/02-coverphotos-googleplus.png,"https://www.gstatic.com/images/branding/product/2x/google_plus_512dp.png, https://www.gstatic.com/images/branding/product/1x/chrome_512dp.png","عدد زيارات كبير, افتتح مؤخرًا",(601) 2345700,,,نعم,https://www.google.com/menu,"https://www.google.com/order-ahead-1, https://www.google.com/order-ahead-2",نعم,مجانًا (free_wi_fi)
19,نشاطي التجاري,Kaufinger Straße 32,,,,,,München,,DE,80331,,,030 123475,"030 123476, 030 123477",https://www.google.com,مطعم,"بوظة,توصيل البيتزا",,09:00-17:00,09:00-17:00,09:00-17:00,09:00-17:00,09:00-17:00,23:00-02:00,"2024-12-31: 05:00-23:00, 2025-01-01: x",نحن متجر مستقل لبيع المثلَّجات يقع على بعد خطوات من وسط المدينة، ونفخر بأننا المتجر المفضل لدى السكان المحليين لمقابلة الأصدقاء وتناول كوز من البوظة أو طلب بيتزا طازجة يتم توصيلها مباشرة إلى منازلهم. ونقدّم 35 نكهة من المثلَّجات المصنوعة بالبيت التي يتم تصنيعها بدون استخدام الآلات والمشروبات المثلَّجة على مدار العام، ويتم تحضير فطائر البيتزا في الفرن على غرار الفطائر التي يتم إعدادها في نيويورك كل يوم بداية من منتصف النهار حتى وقت إغلاق المتجر. تفضل بزيارتنا اليوم.,,https://www.gstatic.com/images/branding/product/2x/google_my_business_512dp.png,https://lh5.googleusercontent.com/-PHmqjc_EgoM/Vo1zG1aivdI/AAAAAAAAMdc/QiMFMYVulFsnyBNr8f82we9tmZ9_VSb-w/w2048-h1152-no/02-coverphotos-googleplus.png,"https://www.gstatic.com/images/branding/product/2x/google_plus_512dp.png, https://www.gstatic.com/images/branding/product/1x/chrome_512dp.png","عدد زيارات كبير, افتتح مؤخرًا",030 123479,نعم,نعم,نعم,https://www.google.com/menu,"https://www.google.com/order-ahead-1, https://www.google.com/order-ahead-2",نعم,مجانًا (free_wi_fi)
20,نشاطي التجاري,Sand 38,,,,,,Hamburg,,DE,21073,,,030 123476,"030 123477, 030 123478",https://www.google.com,مطعم,"بوظة,توصيل البيتزا",,09:00-17:00,09:00-17:00,09:00-17:00,09:00-17:00,09:00-17:00,23:00-02:00,"2024-12-31: 05:00-23:00, 2025-01-01: x",نحن متجر مستقل لبيع المثلَّجات يقع على بعد خطوات من وسط المدينة، ونفخر بأننا المتجر المفضل لدى السكان المحليين لمقابلة الأصدقاء وتناول كوز من البوظة أو طلب بيتزا طازجة يتم توصيلها مباشرة إلى منازلهم. ونقدّم 35 نكهة من المثلَّجات المصنوعة بالبيت التي يتم تصنيعها بدون استخدام الآلات والمشروبات المثلَّجة على مدار العام، ويتم تحضير فطائر البيتزا في الفرن على غرار الفطائر التي يتم إعدادها في نيويورك كل يوم بداية من منتصف النهار حتى وقت إغلاق المتجر. تفضل بزيارتنا اليوم.,,https://www.gstatic.com/images/branding/product/2x/google_my_business_512dp.png,https://lh5.googleusercontent.com/-PHmqjc_EgoM/Vo1zG1aivdI/AAAAAAAAMdc/QiMFMYVulFsnyBNr8f82we9tmZ9_VSb-w/w2048-h1152-no/02-coverphotos-googleplus.png,"https://www.gstatic.com/images/branding/product/2x/google_plus_512dp.png, https://www.gstatic.com/images/branding/product/1x/chrome_512dp.png","عدد زيارات كبير, افتتح مؤخرًا",030 123480,لا,نعم,نعم,https://www.google.com/menu,"https://www.google.com/order-ahead-1, https://www.google.com/order-ahead-2",نعم,مجانًا (free_wi_fi)
21,نشاطي التجاري,Amtsfeldstraße 74b,,,,,,Wernigerode,,DE,38855,,,030 123477,"030 123478, 030 123479",https://www.google.com,مطعم,"بوظة,توصيل البيتزا",,09:00-17:00,09:00-17:00,09:00-17:00,09:00-17:00,09:00-17:00,23:00-02:00,"2024-12-31: 05:00-23:00, 2025-01-01: x",نحن متجر مستقل لبيع المثلَّجات يقع على بعد خطوات من وسط المدينة، ونفخر بأننا المتجر المفضل لدى السكان المحليين لمقابلة الأصدقاء وتناول كوز من البوظة أو طلب بيتزا طازجة يتم توصيلها مباشرة إلى منازلهم. ونقدّم 35 نكهة من المثلَّجات المصنوعة بالبيت التي يتم تصنيعها بدون استخدام الآلات والمشروبات المثلَّجة على مدار العام، ويتم تحضير فطائر البيتزا في الفرن على غرار الفطائر التي يتم إعدادها في نيويورك كل يوم بداية من منتصف النهار حتى وقت إغلاق المتجر. تفضل بزيارتنا اليوم.,,https://www.gstatic.com/images/branding/product/2x/google_my_business_512dp.png,https://lh5.googleusercontent.com/-PHmqjc_EgoM/Vo1zG1aivdI/AAAAAAAAMdc/QiMFMYVulFsnyBNr8f82we9tmZ9_VSb-w/w2048-h1152-no/02-coverphotos-googleplus.png,"https://www.gstatic.com/images/branding/product/2x/google_plus_512dp.png, https://www.gstatic.com/images/branding/product/1x/chrome_512dp.png","عدد زيارات كبير, افتتح مؤخرًا",030 123481,,لا,نعم,https://www.google.com/menu,"https://www.google.com/order-ahead-1, https://www.google.com/order-ahead-2",نعم,مجانًا (free_wi_fi)
22,نشاطي التجاري,Bleibtreustraße 125c,,,,,,Berlin,,DE,10625,,,030 123478,"030 123479, 030 123480",https://www.google.com,مطعم,"بوظة,توصيل البيتزا",,09:00-17:00,09:00-17:00,09:00-17:00,09:00-17:00,09:00-17:00,23:00-02:00,"2024-12-31: 05:00-23:00, 2025-01-01: x",نحن متجر مستقل لبيع المثلَّجات يقع على بعد خطوات من وسط المدينة، ونفخر بأننا المتجر المفضل لدى السكان المحليين لمقابلة الأصدقاء وتناول كوز من البوظة أو طلب بيتزا طازجة يتم توصيلها مباشرة إلى منازلهم. ونقدّم 35 نكهة من المثلَّجات المصنوعة بالبيت التي يتم تصنيعها بدون استخدام الآلات والمشروبات المثلَّجة على مدار العام، ويتم تحضير فطائر البيتزا في الفرن على غرار الفطائر التي يتم إعدادها في نيويورك كل يوم بداية من منتصف النهار حتى وقت إغلاق المتجر. تفضل بزيارتنا اليوم.,,https://www.gstatic.com/images/branding/product/2x/google_my_business_512dp.png,https://lh5.googleusercontent.com/-PHmqjc_EgoM/Vo1zG1aivdI/AAAAAAAAMdc/QiMFMYVulFsnyBNr8f82we9tmZ9_VSb-w/w2048-h1152-no/02-coverphotos-googleplus.png,"https://www.gstatic.com/images/branding/product/2x/google_plus_512dp.png, https://www.gstatic.com/images/branding/product/1x/chrome_512dp.png","عدد زيارات كبير, افتتح مؤخرًا",030 123482,نعم,لا,نعم,https://www.google.com/menu,"https://www.google.com/order-ahead-1, https://www.google.com/order-ahead-2",نعم,مجانًا (free_wi_fi)
23,نشاطي التجاري,"Calle Sonrisa, 4",,,,,,Alcobendas,Madrid,ES,28100,,,810 12 34 79,"810 12 34 80, 810 12 34 81",https://www.google.com,مطعم,"بوظة,توصيل البيتزا",,09:00-17:00,09:00-17:00,09:00-17:00,09:00-17:00,09:00-17:00,23:00-02:00,"2024-12-31: 05:00-23:00, 2025-01-01: x",نحن متجر مستقل لبيع المثلَّجات يقع على بعد خطوات من وسط المدينة، ونفخر بأننا المتجر المفضل لدى السكان المحليين لمقابلة الأصدقاء وتناول كوز من البوظة أو طلب بيتزا طازجة يتم توصيلها مباشرة إلى منازلهم. ونقدّم 35 نكهة من المثلَّجات المصنوعة بالبيت التي يتم تصنيعها بدون استخدام الآلات والمشروبات المثلَّجة على مدار العام، ويتم تحضير فطائر البيتزا في الفرن على غرار الفطائر التي يتم إعدادها في نيويورك كل يوم بداية من منتصف النهار حتى وقت إغلاق المتجر. تفضل بزيارتنا اليوم.,,https://www.gstatic.com/images/branding/product/2x/google_my_business_512dp.png,https://lh5.googleusercontent.com/-PHmqjc_EgoM/Vo1zG1aivdI/AAAAAAAAMdc/QiMFMYVulFsnyBNr8f82we9tmZ9_VSb-w/w2048-h1152-no/02-coverphotos-googleplus.png,"https://www.gstatic.com/images/branding/product/2x/google_plus_512dp.png, https://www.gstatic.com/images/branding/product/1x/chrome_512dp.png","عدد زيارات كبير, افتتح مؤخرًا",810 12 34 83,لا,,نعم,https://www.google.com/menu,"https://www.google.com/order-ahead-1, https://www.google.com/order-ahead-2",نعم,مجانًا (free_wi_fi)
24,نشاطي التجاري,Calle La Flor s/n,,,,,,San Sebastian de los Reyes,Castellón,ES,28700,,,810 12 34 80,"810 12 34 81, 810 12 34 82",https://www.google.com,مطعم,"بوظة,توصيل البيتزا",,09:00-17:00,09:00-17:00,09:00-17:00,09:00-17:00,09:00-17:00,23:00-02:00,"2024-12-31: 05:00-23:00, 2025-01-01: x",نحن متجر مستقل لبيع المثلَّجات يقع على بعد خطوات من وسط المدينة، ونفخر بأننا المتجر المفضل لدى السكان المحليين لمقابلة الأصدقاء وتناول كوز من البوظة أو طلب بيتزا طازجة يتم توصيلها مباشرة إلى منازلهم. ونقدّم 35 نكهة من المثلَّجات المصنوعة بالبيت التي يتم تصنيعها بدون استخدام الآلات والمشروبات المثلَّجة على مدار العام، ويتم تحضير فطائر البيتزا في الفرن على غرار الفطائر التي يتم إعدادها في نيويورك كل يوم بداية من منتصف النهار حتى وقت إغلاق المتجر. تفضل بزيارتنا اليوم.,,https://www.gstatic.com/images/branding/product/2x/google_my_business_512dp.png,https://lh5.googleusercontent.com/-PHmqjc_EgoM/Vo1zG1aivdI/AAAAAAAAMdc/QiMFMYVulFsnyBNr8f82we9tmZ9_VSb-w/w2048-h1152-no/02-coverphotos-googleplus.png,"https://www.gstatic.com/images/branding/product/2x/google_plus_512dp.png, https://www.gstatic.com/images/branding/product/1x/chrome_512dp.png","عدد زيارات كبير, افتتح مؤخرًا",810 12 34 84,,,نعم,https://www.google.com/menu,"https://www.google.com/order-ahead-1, https://www.google.com/order-ahead-2",نعم,مجانًا (free_wi_fi)
25,نشاطي التجاري,"Calle Luis Jorge Castaños, 23, 4ºD",,,,,,Talamanca del Jarama,Madrid,ES,28160,,,810 12 34 81,"810 12 34 82, 810 12 34 83",https://www.google.com,مطعم,"بوظة,توصيل البيتزا",,09:00-17:00,09:00-17:00,09:00-17:00,09:00-17:00,09:00-17:00,23:00-02:00,"2024-12-31: 05:00-23:00, 2025-01-01: x",نحن متجر مستقل لبيع المثلَّجات يقع على بعد خطوات من وسط المدينة، ونفخر بأننا المتجر المفضل لدى السكان المحليين لمقابلة الأصدقاء وتناول كوز من البوظة أو طلب بيتزا طازجة يتم توصيلها مباشرة إلى منازلهم. ونقدّم 35 نكهة من المثلَّجات المصنوعة بالبيت التي يتم تصنيعها بدون استخدام الآلات والمشروبات المثلَّجة على مدار العام، ويتم تحضير فطائر البيتزا في الفرن على غرار الفطائر التي يتم إعدادها في نيويورك كل يوم بداية من منتصف النهار حتى وقت إغلاق المتجر. تفضل بزيارتنا اليوم.,,https://www.gstatic.com/images/branding/product/2x/google_my_business_512dp.png,https://lh5.googleusercontent.com/-PHmqjc_EgoM/Vo1zG1aivdI/AAAAAAAAMdc/QiMFMYVulFsnyBNr8f82we9tmZ9_VSb-w/w2048-h1152-no/02-coverphotos-googleplus.png,"https://www.gstatic.com/images/branding/product/2x/google_plus_512dp.png, https://www.gstatic.com/images/branding/product/1x/chrome_512dp.png","عدد زيارات كبير, افتتح مؤخرًا",810 12 34 85,نعم,نعم,نعم,https://www.google.com/menu,"https://www.google.com/order-ahead-1, https://www.google.com/order-ahead-2",نعم,مجانًا (free_wi_fi)
26,نشاطي التجاري,"Catasós, 28",,,,,,Lalín,Pontevedra,ES,26518,,,810 12 34 82,"810 12 34 83, 810 12 34 84",https://www.google.com,مطعم,"بوظة,توصيل البيتزا",,09:00-17:00,09:00-17:00,09:00-17:00,09:00-17:00,09:00-17:00,23:00-02:00,"2024-12-31: 05:00-23:00, 2025-01-01: x",نحن متجر مستقل لبيع المثلَّجات يقع على بعد خطوات من وسط المدينة، ونفخر بأننا المتجر المفضل لدى السكان المحليين لمقابلة الأصدقاء وتناول كوز من البوظة أو طلب بيتزا طازجة يتم توصيلها مباشرة إلى منازلهم. ونقدّم 35 نكهة من المثلَّجات المصنوعة بالبيت التي يتم تصنيعها بدون استخدام الآلات والمشروبات المثلَّجة على مدار العام، ويتم تحضير فطائر البيتزا في الفرن على غرار الفطائر التي يتم إعدادها في نيويورك كل يوم بداية من منتصف النهار حتى وقت إغلاق المتجر. تفضل بزيارتنا اليوم.,,https://www.gstatic.com/images/branding/product/2x/google_my_business_512dp.png,https://lh5.googleusercontent.com/-PHmqjc_EgoM/Vo1zG1aivdI/AAAAAAAAMdc/QiMFMYVulFsnyBNr8f82we9tmZ9_VSb-w/w2048-h1152-no/02-coverphotos-googleplus.png,"https://www.gstatic.com/images/branding/product/2x/google_plus_512dp.png, https://www.gstatic.com/images/branding/product/1x/chrome_512dp.png","عدد زيارات كبير, افتتح مؤخرًا",810 12 34 86,لا,نعم,نعم,https://www.google.com/menu,"https://www.google.com/order-ahead-1, https://www.google.com/order-ahead-2",نعم,مجانًا (free_wi_fi)
27,نشاطي التجاري,"Carretera N-340, Km-1053",,,,,,Vinaroz,Castellón,ES,12500,,,810 12 34 83,"810 12 34 84, 810 12 34 85",https://www.google.com,مطعم,"بوظة,توصيل البيتزا",,09:00-17:00,09:00-17:00,09:00-17:00,09:00-17:00,09:00-17:00,23:00-02:00,"2024-12-31: 05:00-23:00, 2025-01-01: x",نحن متجر مستقل لبيع المثلَّجات يقع على بعد خطوات من وسط المدينة، ونفخر بأننا المتجر المفضل لدى السكان المحليين لمقابلة الأصدقاء وتناول كوز من البوظة أو طلب بيتزا طازجة يتم توصيلها مباشرة إلى منازلهم. ونقدّم 35 نكهة من المثلَّجات المصنوعة بالبيت التي يتم تصنيعها بدون استخدام الآلات والمشروبات المثلَّجة على مدار العام، ويتم تحضير فطائر البيتزا في الفرن على غرار الفطائر التي يتم إعدادها في نيويورك كل يوم بداية من منتصف النهار حتى وقت إغلاق المتجر. تفضل بزيارتنا اليوم.,,https://www.gstatic.com/images/branding/product/2x/google_my_business_512dp.png,https://lh5.googleusercontent.com/-PHmqjc_EgoM/Vo1zG1aivdI/AAAAAAAAMdc/QiMFMYVulFsnyBNr8f82we9tmZ9_VSb-w/w2048-h1152-no/02-coverphotos-googleplus.png,"https://www.gstatic.com/images/branding/product/2x/google_plus_512dp.png, https://www.gstatic.com/images/branding/product/1x/chrome_512dp.png","عدد زيارات كبير, افتتح مؤخرًا",810 12 34 87,,لا,نعم,https://www.google.com/menu,"https://www.google.com/order-ahead-1, https://www.google.com/order-ahead-2",نعم,مجانًا (free_wi_fi)
28,نشاطي التجاري,Isokatu 1401,,,,,,Kokkola,,FI,66100,,,013 1234595,"013 1234596, 013 1234597",https://www.google.com,مطعم,"بوظة,توصيل البيتزا",,09:00-17:00,09:00-17:00,09:00-17:00,09:00-17:00,09:00-17:00,23:00-02:00,"2024-12-31: 05:00-23:00, 2025-01-01: x",نحن متجر مستقل لبيع المثلَّجات يقع على بعد خطوات من وسط المدينة، ونفخر بأننا المتجر المفضل لدى السكان المحليين لمقابلة الأصدقاء وتناول كوز من البوظة أو طلب بيتزا طازجة يتم توصيلها مباشرة إلى منازلهم. ونقدّم 35 نكهة من المثلَّجات المصنوعة بالبيت التي يتم تصنيعها بدون استخدام الآلات والمشروبات المثلَّجة على مدار العام، ويتم تحضير فطائر البيتزا في الفرن على غرار الفطائر التي يتم إعدادها في نيويورك كل يوم بداية من منتصف النهار حتى وقت إغلاق المتجر. تفضل بزيارتنا اليوم.,,https://www.gstatic.com/images/branding/product/2x/google_my_business_512dp.png,https://lh5.googleusercontent.com/-PHmqjc_EgoM/Vo1zG1aivdI/AAAAAAAAMdc/QiMFMYVulFsnyBNr8f82we9tmZ9_VSb-w/w2048-h1152-no/02-coverphotos-googleplus.png,"https://www.gstatic.com/images/branding/product/2x/google_plus_512dp.png, https://www.gstatic.com/images/branding/product/1x/chrome_512dp.png","عدد زيارات كبير, افتتح مؤخرًا",013 1234599,نعم,لا,نعم,https://www.google.com/menu,"https://www.google.com/order-ahead-1, https://www.google.com/order-ahead-2",نعم,مجانًا (free_wi_fi)
29,نشاطي التجاري,ZI des Rosiers,Bâtiment 5,"18, Rue Albert Riot",,,,Toulouse,,FR,68590,,,01 23 45 68 18,"01 23 45 68 19, 01 23 45 68 20",https://www.google.com,مطعم,"بوظة,توصيل البيتزا",,09:00-17:00,09:00-17:00,09:00-17:00,09:00-17:00,09:00-17:00,23:00-02:00,"2024-12-31: 05:00-23:00, 2025-01-01: x",نحن متجر مستقل لبيع المثلَّجات يقع على بعد خطوات من وسط المدينة، ونفخر بأننا المتجر المفضل لدى السكان المحليين لمقابلة الأصدقاء وتناول كوز من البوظة أو طلب بيتزا طازجة يتم توصيلها مباشرة إلى منازلهم. ونقدّم 35 نكهة من المثلَّجات المصنوعة بالبيت التي يتم تصنيعها بدون استخدام الآلات والمشروبات المثلَّجة على مدار العام، ويتم تحضير فطائر البيتزا في الفرن على غرار الفطائر التي يتم إعدادها في نيويورك كل يوم بداية من منتصف النهار حتى وقت إغلاق المتجر. تفضل بزيارتنا اليوم.,,https://www.gstatic.com/images/branding/product/2x/google_my_business_512dp.png,https://lh5.googleusercontent.com/-PHmqjc_EgoM/Vo1zG1aivdI/AAAAAAAAMdc/QiMFMYVulFsnyBNr8f82we9tmZ9_VSb-w/w2048-h1152-no/02-coverphotos-googleplus.png,"https://www.gstatic.com/images/branding/product/2x/google_plus_512dp.png, https://www.gstatic.com/images/branding/product/1x/chrome_512dp.png","عدد زيارات كبير, افتتح مؤخرًا",01 23 45 68 22,لا,,نعم,https://www.google.com/menu,"https://www.google.com/order-ahead-1, https://www.google.com/order-ahead-2",نعم,مجانًا (free_wi_fi)
30,نشاطي التجاري,Centre Commercial de la Plaine,"15, Rue des Chaux",BP 25 or CS 25,,,,La Défense,,FR,92092,,,01 23 45 68 19,"01 23 45 68 20, 01 23 45 68 21",https://www.google.com,مطعم,"بوظة,توصيل البيتزا",,09:00-17:00,09:00-17:00,09:00-17:00,09:00-17:00,09:00-17:00,23:00-02:00,"2024-12-31: 05:00-23:00, 2025-01-01: x",نحن متجر مستقل لبيع المثلَّجات يقع على بعد خطوات من وسط المدينة، ونفخر بأننا المتجر المفضل لدى السكان المحليين لمقابلة الأصدقاء وتناول كوز من البوظة أو طلب بيتزا طازجة يتم توصيلها مباشرة إلى منازلهم. ونقدّم 35 نكهة من المثلَّجات المصنوعة بالبيت التي يتم تصنيعها بدون استخدام الآلات والمشروبات المثلَّجة على مدار العام، ويتم تحضير فطائر البيتزا في الفرن على غرار الفطائر التي يتم إعدادها في نيويورك كل يوم بداية من منتصف النهار حتى وقت إغلاق المتجر. تفضل بزيارتنا اليوم.,,https://www.gstatic.com/images/branding/product/2x/google_my_business_512dp.png,https://lh5.googleusercontent.com/-PHmqjc_EgoM/Vo1zG1aivdI/AAAAAAAAMdc/QiMFMYVulFsnyBNr8f82we9tmZ9_VSb-w/w2048-h1152-no/02-coverphotos-googleplus.png,https://www.gstatic.com/images/branding/product/2x/google_plus_512dp.png,عدد زيارات كبير,01 23 45 68 23,,,لا,https://www.google.com/menu,"https://www.google.com/order-ahead-1, https://www.google.com/order-ahead-2",لا,تتطلب دفع رسوم (paid_wi_fi)
31,نشاطي التجاري,Parc d'Activités des Mimosas,"Bâtiment 2, Suite 124","1054, Rue des Fontaines",,,,Strasbourg,,FR,42520,,,01 23 45 68 20,"01 23 45 68 21, 01 23 45 68 22",https://www.google.com,مطعم,"بوظة,توصيل البيتزا",,09:00-17:00,09:00-17:00,09:00-17:00,09:00-17:00,09:00-17:00,23:00-02:00,"2024-12-31: 05:00-23:00, 2025-01-01: x",نحن متجر مستقل لبيع المثلَّجات يقع على بعد خطوات من وسط المدينة، ونفخر بأننا المتجر المفضل لدى السكان المحليين لمقابلة الأصدقاء وتناول كوز من البوظة أو طلب بيتزا طازجة يتم توصيلها مباشرة إلى منازلهم. ونقدّم 35 نكهة من المثلَّجات المصنوعة بالبيت التي يتم تصنيعها بدون استخدام الآلات والمشروبات المثلَّجة على مدار العام، ويتم تحضير فطائر البيتزا في الفرن على غرار الفطائر التي يتم إعدادها في نيويورك كل يوم بداية من منتصف النهار حتى وقت إغلاق المتجر. تفضل بزيارتنا اليوم.,,https://www.gstatic.com/images/branding/product/2x/google_my_business_512dp.png,https://lh5.googleusercontent.com/-PHmqjc_EgoM/Vo1zG1aivdI/AAAAAAAAMdc/QiMFMYVulFsnyBNr8f82we9tmZ9_VSb-w/w2048-h1152-no/02-coverphotos-googleplus.png,https://www.gstatic.com/images/branding/product/2x/google_plus_512dp.png,عدد زيارات كبير,01 23 45 68 24,نعم,نعم,لا,https://www.google.com/menu,"https://www.google.com/order-ahead-1, https://www.google.com/order-ahead-2",لا,تتطلب دفع رسوم (paid_wi_fi)
32,نشاطي التجاري,Zone Industrielle Blavozy,169 Avenue René Descartes,,,,,Blavozy,,FR,43700,,,01 23 45 68 21,"01 23 45 68 22, 01 23 45 68 23",https://www.google.com,مطعم,"بوظة,توصيل البيتزا",,09:00-17:00,09:00-17:00,09:00-17:00,09:00-17:00,09:00-17:00,23:00-02:00,"2024-12-31: 05:00-23:00, 2025-01-01: x",نحن متجر مستقل لبيع المثلَّجات يقع على بعد خطوات من وسط المدينة، ونفخر بأننا المتجر المفضل لدى السكان المحليين لمقابلة الأصدقاء وتناول كوز من البوظة أو طلب بيتزا طازجة يتم توصيلها مباشرة إلى منازلهم. ونقدّم 35 نكهة من المثلَّجات المصنوعة بالبيت التي يتم تصنيعها بدون استخدام الآلات والمشروبات المثلَّجة على مدار العام، ويتم تحضير فطائر البيتزا في الفرن على غرار الفطائر التي يتم إعدادها في نيويورك كل يوم بداية من منتصف النهار حتى وقت إغلاق المتجر. تفضل بزيارتنا اليوم.,,https://www.gstatic.com/images/branding/product/2x/google_my_business_512dp.png,https://lh5.googleusercontent.com/-PHmqjc_EgoM/Vo1zG1aivdI/AAAAAAAAMdc/QiMFMYVulFsnyBNr8f82we9tmZ9_VSb-w/w2048-h1152-no/02-coverphotos-googleplus.png,https://www.gstatic.com/images/branding/product/2x/google_plus_512dp.png,عدد زيارات كبير,01 23 45 68 25,لا,نعم,لا,https://www.google.com/menu,"https://www.google.com/order-ahead-1, https://www.google.com/order-ahead-2",لا,تتطلب دفع رسوم (paid_wi_fi)
33,نشاطي التجاري,17 Avenue du Bourg,BP 95634,,,,,l'Isle d'Abeau,,FR,38081,,,01 23 45 68 22,"01 23 45 68 23, 01 23 45 68 24",https://www.google.com,مطعم,"بوظة,توصيل البيتزا",,09:00-17:00,09:00-17:00,09:00-17:00,09:00-17:00,09:00-17:00,23:00-02:00,"2024-12-31: 05:00-23:00, 2025-01-01: x",نحن متجر مستقل لبيع المثلَّجات يقع على بعد خطوات من وسط المدينة، ونفخر بأننا المتجر المفضل لدى السكان المحليين لمقابلة الأصدقاء وتناول كوز من البوظة أو طلب بيتزا طازجة يتم توصيلها مباشرة إلى منازلهم. ونقدّم 35 نكهة من المثلَّجات المصنوعة بالبيت التي يتم تصنيعها بدون استخدام الآلات والمشروبات المثلَّجة على مدار العام، ويتم تحضير فطائر البيتزا في الفرن على غرار الفطائر التي يتم إعدادها في نيويورك كل يوم بداية من منتصف النهار حتى وقت إغلاق المتجر. تفضل بزيارتنا اليوم.,,https://www.gstatic.com/images/branding/product/2x/google_my_business_512dp.png,https://lh5.googleusercontent.com/-PHmqjc_EgoM/Vo1zG1aivdI/AAAAAAAAMdc/QiMFMYVulFsnyBNr8f82we9tmZ9_VSb-w/w2048-h1152-no/02-coverphotos-googleplus.png,https://www.gstatic.com/images/branding/product/2x/google_plus_512dp.png,عدد زيارات كبير,01 23 45 68 26,,لا,لا,https://www.google.com/menu,"https://www.google.com/order-ahead-1, https://www.google.com/order-ahead-2",لا,تتطلب دفع رسوم (paid_wi_fi)
34,نشاطي التجاري,1 Avenue Maréchal-Leclerc,Centre social La Résidence,Cité de la Caf,,,,Bourgoin,,FR,38000,,,01 23 45 68 23,"01 23 45 68 24, 01 23 45 68 25",https://www.google.com,مطعم,"بوظة,توصيل البيتزا",,09:00-17:00,09:00-17:00,09:00-17:00,09:00-17:00,09:00-17:00,23:00-02:00,"2024-12-31: 05:00-23:00, 2025-01-01: x",نحن متجر مستقل لبيع المثلَّجات يقع على بعد خطوات من وسط المدينة، ونفخر بأننا المتجر المفضل لدى السكان المحليين لمقابلة الأصدقاء وتناول كوز من البوظة أو طلب بيتزا طازجة يتم توصيلها مباشرة إلى منازلهم. ونقدّم 35 نكهة من المثلَّجات المصنوعة بالبيت التي يتم تصنيعها بدون استخدام الآلات والمشروبات المثلَّجة على مدار العام، ويتم تحضير فطائر البيتزا في الفرن على غرار الفطائر التي يتم إعدادها في نيويورك كل يوم بداية من منتصف النهار حتى وقت إغلاق المتجر. تفضل بزيارتنا اليوم.,,https://www.gstatic.com/images/branding/product/2x/google_my_business_512dp.png,https://lh5.googleusercontent.com/-PHmqjc_EgoM/Vo1zG1aivdI/AAAAAAAAMdc/QiMFMYVulFsnyBNr8f82we9tmZ9_VSb-w/w2048-h1152-no/02-coverphotos-googleplus.png,https://www.gstatic.com/images/branding/product/2x/google_plus_512dp.png,عدد زيارات كبير,01 23 45 68 27,نعم,لا,لا,https://www.google.com/menu,"https://www.google.com/order-ahead-1, https://www.google.com/order-ahead-2",لا,تتطلب دفع رسوم (paid_wi_fi)
35,نشاطي التجاري,5 place de la Pyramide,Tour Ariane,La Defense 9,la Defense cedex,,,Paris,,FR,92800,,,01 23 45 68 24,"01 23 45 68 25, 01 23 45 68 26",https://www.google.com,مطعم,"بوظة,توصيل البيتزا",,09:00-17:00,09:00-17:00,09:00-17:00,09:00-17:00,09:00-17:00,23:00-02:00,"2024-12-31: 05:00-23:00, 2025-01-01: x",نحن متجر مستقل لبيع المثلَّجات يقع على بعد خطوات من وسط المدينة، ونفخر بأننا المتجر المفضل لدى السكان المحليين لمقابلة الأصدقاء وتناول كوز من البوظة أو طلب بيتزا طازجة يتم توصيلها مباشرة إلى منازلهم. ونقدّم 35 نكهة من المثلَّجات المصنوعة بالبيت التي يتم تصنيعها بدون استخدام الآلات والمشروبات المثلَّجة على مدار العام، ويتم تحضير فطائر البيتزا في الفرن على غرار الفطائر التي يتم إعدادها في نيويورك كل يوم بداية من منتصف النهار حتى وقت إغلاق المتجر. تفضل بزيارتنا اليوم.,,https://www.gstatic.com/images/branding/product/2x/google_my_business_512dp.png,https://lh5.googleusercontent.com/-PHmqjc_EgoM/Vo1zG1aivdI/AAAAAAAAMdc/QiMFMYVulFsnyBNr8f82we9tmZ9_VSb-w/w2048-h1152-no/02-coverphotos-googleplus.png,https://www.gstatic.com/images/branding/product/2x/google_plus_512dp.png,عدد زيارات كبير,01 23 45 68 28,لا,,لا,https://www.google.com/menu,"https://www.google.com/order-ahead-1, https://www.google.com/order-ahead-2",لا,تتطلب دفع رسوم (paid_wi_fi)
36,نشاطي التجاري,1 Church Hill,,,,,,Bournemouth,,GB,BH1 1AA,,,0121 234 5714,"0121 234 5715, 0121 234 5716",https://www.google.com,مطعم,"بوظة,توصيل البيتزا",,09:00-17:00,09:00-17:00,09:00-17:00,09:00-17:00,09:00-17:00,23:00-02:00,"2024-12-31: 05:00-23:00, 2025-01-01: x",نحن متجر مستقل لبيع المثلَّجات يقع على بعد خطوات من وسط المدينة، ونفخر بأننا المتجر المفضل لدى السكان المحليين لمقابلة الأصدقاء وتناول كوز من البوظة أو طلب بيتزا طازجة يتم توصيلها مباشرة إلى منازلهم. ونقدّم 35 نكهة من المثلَّجات المصنوعة بالبيت التي يتم تصنيعها بدون استخدام الآلات والمشروبات المثلَّجة على مدار العام، ويتم تحضير فطائر البيتزا في الفرن على غرار الفطائر التي يتم إعدادها في نيويورك كل يوم بداية من منتصف النهار حتى وقت إغلاق المتجر. تفضل بزيارتنا اليوم.,,https://www.gstatic.com/images/branding/product/2x/google_my_business_512dp.png,https://lh5.googleusercontent.com/-PHmqjc_EgoM/Vo1zG1aivdI/AAAAAAAAMdc/QiMFMYVulFsnyBNr8f82we9tmZ9_VSb-w/w2048-h1152-no/02-coverphotos-googleplus.png,https://www.gstatic.com/images/branding/product/2x/google_plus_512dp.png,عدد زيارات كبير,0121 234 5718,,,لا,https://www.google.com/menu,"https://www.google.com/order-ahead-1, https://www.google.com/order-ahead-2",لا,تتطلب دفع رسوم (paid_wi_fi)
37,نشاطي التجاري,44 Newbridge Road,,,,,,"Newry, Co Down",,GB,BT35 8NT,,,0121 234 5715,"0121 234 5716, 0121 234 5717",https://www.google.com,مطعم,"بوظة,توصيل البيتزا",,09:00-17:00,09:00-17:00,09:00-17:00,09:00-17:00,09:00-17:00,23:00-02:00,"2024-12-31: 05:00-23:00, 2025-01-01: x",نحن متجر مستقل لبيع المثلَّجات يقع على بعد خطوات من وسط المدينة، ونفخر بأننا المتجر المفضل لدى السكان المحليين لمقابلة الأصدقاء وتناول كوز من البوظة أو طلب بيتزا طازجة يتم توصيلها مباشرة إلى منازلهم. ونقدّم 35 نكهة من المثلَّجات المصنوعة بالبيت التي يتم تصنيعها بدون استخدام الآلات والمشروبات المثلَّجة على مدار العام، ويتم تحضير فطائر البيتزا في الفرن على غرار الفطائر التي يتم إعدادها في نيويورك كل يوم بداية من منتصف النهار حتى وقت إغلاق المتجر. تفضل بزيارتنا اليوم.,,https://www.gstatic.com/images/branding/product/2x/google_my_business_512dp.png,https://lh5.googleusercontent.com/-PHmqjc_EgoM/Vo1zG1aivdI/AAAAAAAAMdc/QiMFMYVulFsnyBNr8f82we9tmZ9_VSb-w/w2048-h1152-no/02-coverphotos-googleplus.png,https://www.gstatic.com/images/branding/product/2x/google_plus_512dp.png,عدد زيارات كبير,0121 234 5719,نعم,نعم,لا,https://www.google.com/menu,"https://www.google.com/order-ahead-1, https://www.google.com/order-ahead-2",لا,تتطلب دفع رسوم (paid_wi_fi)
38,نشاطي التجاري,5 Downing St,,,,,,London,,GB,SW1A 2AA,,,0121 234 5716,"0121 234 5717, 0121 234 5718",https://www.google.com,مطعم,"بوظة,توصيل البيتزا",,09:00-17:00,09:00-17:00,09:00-17:00,09:00-17:00,09:00-17:00,23:00-02:00,"2024-12-31: 05:00-23:00, 2025-01-01: x",نحن متجر مستقل لبيع المثلَّجات يقع على بعد خطوات من وسط المدينة، ونفخر بأننا المتجر المفضل لدى السكان المحليين لمقابلة الأصدقاء وتناول كوز من البوظة أو طلب بيتزا طازجة يتم توصيلها مباشرة إلى منازلهم. ونقدّم 35 نكهة من المثلَّجات المصنوعة بالبيت التي يتم تصنيعها بدون استخدام الآلات والمشروبات المثلَّجة على مدار العام، ويتم تحضير فطائر البيتزا في الفرن على غرار الفطائر التي يتم إعدادها في نيويورك كل يوم بداية من منتصف النهار حتى وقت إغلاق المتجر. تفضل بزيارتنا اليوم.,,https://www.gstatic.com/images/branding/product/2x/google_my_business_512dp.png,https://lh5.googleusercontent.com/-PHmqjc_EgoM/Vo1zG1aivdI/AAAAAAAAMdc/QiMFMYVulFsnyBNr8f82we9tmZ9_VSb-w/w2048-h1152-no/02-coverphotos-googleplus.png,https://www.gstatic.com/images/branding/product/2x/google_plus_512dp.png,عدد زيارات كبير,0121 234 5720,لا,نعم,لا,https://www.google.com/menu,"https://www.google.com/order-ahead-1, https://www.google.com/order-ahead-2",لا,تتطلب دفع رسوم (paid_wi_fi)
39,نشاطي التجاري,1A Lakeview Cottages,Station Road,,,,,Holt,,GB,NR25 7HG,,,0121 234 5717,"0121 234 5718, 0121 234 5719",https://www.google.com,مطعم,"بوظة,توصيل البيتزا",,09:00-17:00,09:00-17:00,09:00-17:00,09:00-17:00,09:00-17:00,23:00-02:00,"2024-12-31: 05:00-23:00, 2025-01-01: x",نحن متجر مستقل لبيع المثلَّجات يقع على بعد خطوات من وسط المدينة، ونفخر بأننا المتجر المفضل لدى السكان المحليين لمقابلة الأصدقاء وتناول كوز من البوظة أو طلب بيتزا طازجة يتم توصيلها مباشرة إلى منازلهم. ونقدّم 35 نكهة من المثلَّجات المصنوعة بالبيت التي يتم تصنيعها بدون استخدام الآلات والمشروبات المثلَّجة على مدار العام، ويتم تحضير فطائر البيتزا في الفرن على غرار الفطائر التي يتم إعدادها في نيويورك كل يوم بداية من منتصف النهار حتى وقت إغلاق المتجر. تفضل بزيارتنا اليوم.,,https://www.gstatic.com/images/branding/product/2x/google_my_business_512dp.png,https://lh5.googleusercontent.com/-PHmqjc_EgoM/Vo1zG1aivdI/AAAAAAAAMdc/QiMFMYVulFsnyBNr8f82we9tmZ9_VSb-w/w2048-h1152-no/02-coverphotos-googleplus.png,https://www.gstatic.com/images/branding/product/2x/google_plus_512dp.png,عدد زيارات كبير,0121 234 5721,,لا,لا,https://www.google.com/menu,"https://www.google.com/order-ahead-1, https://www.google.com/order-ahead-2",لا,تتطلب دفع رسوم (paid_wi_fi)
40,نشاطي التجاري,Victoria House,11 The Street,,,,,Christchurch,,GB,BH23 6AA,,,0121 234 5718,"0121 234 5719, 0121 234 5720",https://www.google.com,مطعم,"بوظة,توصيل البيتزا",,09:00-17:00,09:00-17:00,09:00-17:00,09:00-17:00,09:00-17:00,23:00-02:00,"2024-12-31: 05:00-23:00, 2025-01-01: x",نحن متجر مستقل لبيع المثلَّجات يقع على بعد خطوات من وسط المدينة، ونفخر بأننا المتجر المفضل لدى السكان المحليين لمقابلة الأصدقاء وتناول كوز من البوظة أو طلب بيتزا طازجة يتم توصيلها مباشرة إلى منازلهم. ونقدّم 35 نكهة من المثلَّجات المصنوعة بالبيت التي يتم تصنيعها بدون استخدام الآلات والمشروبات المثلَّجة على مدار العام، ويتم تحضير فطائر البيتزا في الفرن على غرار الفطائر التي يتم إعدادها في نيويورك كل يوم بداية من منتصف النهار حتى وقت إغلاق المتجر. تفضل بزيارتنا اليوم.,,https://www.gstatic.com/images/branding/product/2x/google_my_business_512dp.png,https://lh5.googleusercontent.com/-PHmqjc_EgoM/Vo1zG1aivdI/AAAAAAAAMdc/QiMFMYVulFsnyBNr8f82we9tmZ9_VSb-w/w2048-h1152-no/02-coverphotos-googleplus.png,https://www.gstatic.com/images/branding/product/2x/google_plus_512dp.png,عدد زيارات كبير,0121 234 5722,نعم,لا,لا,https://www.google.com/menu,"https://www.google.com/order-ahead-1, https://www.google.com/order-ahead-2",لا,تتطلب دفع رسوم (paid_wi_fi)
41,نشاطي التجاري,Stables Flat,The Manor,,,,,Horley,,GB,RH6 0HP,,,0121 234 5719,"0121 234 5720, 0121 234 5721",https://www.google.com,مطعم,"بوظة,توصيل البيتزا",,09:00-17:00,09:00-17:00,09:00-17:00,09:00-17:00,09:00-17:00,23:00-02:00,"2024-12-31: 05:00-23:00, 2025-01-01: x",نحن متجر مستقل لبيع المثلَّجات يقع على بعد خطوات من وسط المدينة، ونفخر بأننا المتجر المفضل لدى السكان المحليين لمقابلة الأصدقاء وتناول كوز من البوظة أو طلب بيتزا طازجة يتم توصيلها مباشرة إلى منازلهم. ونقدّم 35 نكهة من المثلَّجات المصنوعة بالبيت التي يتم تصنيعها بدون استخدام الآلات والمشروبات المثلَّجة على مدار العام، ويتم تحضير فطائر البيتزا في الفرن على غرار الفطائر التي يتم إعدادها في نيويورك كل يوم بداية من منتصف النهار حتى وقت إغلاق المتجر. تفضل بزيارتنا اليوم.,,https://www.gstatic.com/images/branding/product/2x/google_my_business_512dp.png,https://lh5.googleusercontent.com/-PHmqjc_EgoM/Vo1zG1aivdI/AAAAAAAAMdc/QiMFMYVulFsnyBNr8f82we9tmZ9_VSb-w/w2048-h1152-no/02-coverphotos-googleplus.png,https://www.gstatic.com/images/branding/product/2x/google_plus_512dp.png,عدد زيارات كبير,0121 234 5723,لا,,لا,https://www.google.com/menu,"https://www.google.com/order-ahead-1, https://www.google.com/order-ahead-2",لا,تتطلب دفع رسوم (paid_wi_fi)
42,نشاطي التجاري,Castehill,,,,,,Edinburgh,,GB,EH1 2NG,,,0121 234 5720,"0121 234 5721, 0121 234 5722",https://www.google.com,مطعم,"بوظة,توصيل البيتزا",,09:00-17:00,09:00-17:00,09:00-17:00,09:00-17:00,09:00-17:00,23:00-02:00,"2024-12-31: 05:00-23:00, 2025-01-01: x",نحن متجر مستقل لبيع المثلَّجات يقع على بعد خطوات من وسط المدينة، ونفخر بأننا المتجر المفضل لدى السكان المحليين لمقابلة الأصدقاء وتناول كوز من البوظة أو طلب بيتزا طازجة يتم توصيلها مباشرة إلى منازلهم. ونقدّم 35 نكهة من المثلَّجات المصنوعة بالبيت التي يتم تصنيعها بدون استخدام الآلات والمشروبات المثلَّجة على مدار العام، ويتم تحضير فطائر البيتزا في الفرن على غرار الفطائر التي يتم إعدادها في نيويورك كل يوم بداية من منتصف النهار حتى وقت إغلاق المتجر. تفضل بزيارتنا اليوم.,,https://www.gstatic.com/images/branding/product/2x/google_my_business_512dp.png,https://lh5.googleusercontent.com/-PHmqjc_EgoM/Vo1zG1aivdI/AAAAAAAAMdc/QiMFMYVulFsnyBNr8f82we9tmZ9_VSb-w/w2048-h1152-no/02-coverphotos-googleplus.png,https://www.gstatic.com/images/branding/product/2x/google_plus_512dp.png,عدد زيارات كبير,0121 234 5724,,,لا,https://www.google.com/menu,"https://www.google.com/order-ahead-1, https://www.google.com/order-ahead-2",لا,تتطلب دفع رسوم (paid_wi_fi)
43,نشاطي التجاري,Address Management Centre,St George's Square,,,,,Portsmouth,,GB,PO1 3AX,,,0121 234 5721,"0121 234 5722, 0121 234 5723",https://www.google.com,مطعم,"بوظة,توصيل البيتزا",,09:00-17:00,09:00-17:00,09:00-17:00,09:00-17:00,09:00-17:00,23:00-02:00,"2024-12-31: 05:00-23:00, 2025-01-01: x",نحن متجر مستقل لبيع المثلَّجات يقع على بعد خطوات من وسط المدينة، ونفخر بأننا المتجر المفضل لدى السكان المحليين لمقابلة الأصدقاء وتناول كوز من البوظة أو طلب بيتزا طازجة يتم توصيلها مباشرة إلى منازلهم. ونقدّم 35 نكهة من المثلَّجات المصنوعة بالبيت التي يتم تصنيعها بدون استخدام الآلات والمشروبات المثلَّجة على مدار العام، ويتم تحضير فطائر البيتزا في الفرن على غرار الفطائر التي يتم إعدادها في نيويورك كل يوم بداية من منتصف النهار حتى وقت إغلاق المتجر. تفضل بزيارتنا اليوم.,,https://www.gstatic.com/images/branding/product/2x/google_my_business_512dp.png,https://lh5.googleusercontent.com/-PHmqjc_EgoM/Vo1zG1aivdI/AAAAAAAAMdc/QiMFMYVulFsnyBNr8f82we9tmZ9_VSb-w/w2048-h1152-no/02-coverphotos-googleplus.png,https://www.gstatic.com/images/branding/product/2x/google_plus_512dp.png,عدد زيارات كبير,0121 234 5725,نعم,نعم,لا,https://www.google.com/menu,"https://www.google.com/order-ahead-1, https://www.google.com/order-ahead-2",لا,تتطلب دفع رسوم (paid_wi_fi)
44,نشاطي التجاري,Jalan Mayjen Sungkono no. 108,,,,,,Surabaya,Jatim,ID,60224,,,(021) 8350167,"(021) 8350168, (021) 8350169",https://www.google.com,مطعم,"بوظة,توصيل البيتزا",,09:00-17:00,09:00-17:00,09:00-17:00,09:00-17:00,09:00-17:00,23:00-02:00,"2024-12-31: 05:00-23:00, 2025-01-01: x",نحن متجر مستقل لبيع المثلَّجات يقع على بعد خطوات من وسط المدينة، ونفخر بأننا المتجر المفضل لدى السكان المحليين لمقابلة الأصدقاء وتناول كوز من البوظة أو طلب بيتزا طازجة يتم توصيلها مباشرة إلى منازلهم. ونقدّم 35 نكهة من المثلَّجات المصنوعة بالبيت التي يتم تصنيعها بدون استخدام الآلات والمشروبات المثلَّجة على مدار العام، ويتم تحضير فطائر البيتزا في الفرن على غرار الفطائر التي يتم إعدادها في نيويورك كل يوم بداية من منتصف النهار حتى وقت إغلاق المتجر. تفضل بزيارتنا اليوم.,,https://www.gstatic.com/images/branding/product/2x/google_my_business_512dp.png,https://lh5.googleusercontent.com/-PHmqjc_EgoM/Vo1zG1aivdI/AAAAAAAAMdc/QiMFMYVulFsnyBNr8f82we9tmZ9_VSb-w/w2048-h1152-no/02-coverphotos-googleplus.png,https://www.gstatic.com/images/branding/product/2x/google_plus_512dp.png,عدد زيارات كبير,(021) 8350171,لا,نعم,لا,https://www.google.com/menu,"https://www.google.com/order-ahead-1, https://www.google.com/order-ahead-2",لا,تتطلب دفع رسوم (paid_wi_fi)
45,نشاطي التجاري,"Jalan Green Boulevard no. 2, Araya",,,,,,Blimbing,"Polowijen, Malang, Jatim",ID,65126,,,(021) 8350168,"(021) 8350169, (021) 8350170",https://www.google.com,مطعم,"بوظة,توصيل البيتزا",,09:00-17:00,09:00-17:00,09:00-17:00,09:00-17:00,09:00-17:00,23:00-02:00,"2024-12-31: 05:00-23:00, 2025-01-01: x",,,https://www.gstatic.com/images/branding/product/2x/google_my_business_512dp.png,https://lh5.googleusercontent.com/-PHmqjc_EgoM/Vo1zG1aivdI/AAAAAAAAMdc/QiMFMYVulFsnyBNr8f82we9tmZ9_VSb-w/w2048-h1152-no/02-coverphotos-googleplus.png,https://www.gstatic.com/images/branding/product/2x/google_plus_512dp.png,عدد زيارات كبير,(021) 8350172,,لا,لا,,,لا,تتطلب دفع رسوم (paid_wi_fi)
46,نشاطي التجاري,Jl. RS. Fatmawati Raya No.100 F,,,,,,Cilandak,Jakarta Selatan - DKI Jakarta,ID,12430,-6.29146,106.799135,(021) 8350169,"(021) 8350170, (021) 8350171",https://www.google.com,مطعم,"بوظة,توصيل البيتزا",,09:00-17:00,09:00-17:00,09:00-17:00,09:00-17:00,09:00-17:00,23:00-02:00,"2024-12-31: 05:00-23:00, 2025-01-01: x",,,https://www.gstatic.com/images/branding/product/2x/google_my_business_512dp.png,https://lh5.googleusercontent.com/-PHmqjc_EgoM/Vo1zG1aivdI/AAAAAAAAMdc/QiMFMYVulFsnyBNr8f82we9tmZ9_VSb-w/w2048-h1152-no/02-coverphotos-googleplus.png,https://www.gstatic.com/images/branding/product/2x/google_plus_512dp.png,عدد زيارات كبير,(021) 8350173,نعم,لا,لا,,,لا,تتطلب دفع رسوم (paid_wi_fi)
47,نشاطي التجاري,Jl. Gowongan Kidul No.33 - 49,,,,,,Gedong Tengen,Sosromenduran - D.I. Yogyakarta,ID,55271,,,(021) 8350170,"(021) 8350171, (021) 8350172",https://www.google.com,مطعم,"بوظة,توصيل البيتزا",,09:00-17:00,09:00-17:00,09:00-17:00,09:00-17:00,09:00-17:00,23:00-02:00,"2024-12-31: 05:00-23:00, 2025-01-01: x",,,https://www.gstatic.com/images/branding/product/2x/google_my_business_512dp.png,https://lh5.googleusercontent.com/-PHmqjc_EgoM/Vo1zG1aivdI/AAAAAAAAMdc/QiMFMYVulFsnyBNr8f82we9tmZ9_VSb-w/w2048-h1152-no/02-coverphotos-googleplus.png,https://www.gstatic.com/images/branding/product/2x/google_plus_512dp.png,عدد زيارات كبير,(021) 8350174,لا,,لا,,,لا,تتطلب دفع رسوم (paid_wi_fi)
48,نشاطي التجاري,Graha Bumi Surabaya Lt. V,Jl. Basuki Rahmat no.106 - 128,,,,,Surabaya,Jatim,ID,61257,,,(021) 8350171,"(021) 8350172, (021) 8350173",https://www.google.com,مطعم,"بوظة,توصيل البيتزا",,09:00-17:00,09:00-17:00,09:00-17:00,09:00-17:00,09:00-17:00,23:00-02:00,"2024-12-31: 05:00-23:00, 2025-01-01: x",,,https://www.gstatic.com/images/branding/product/2x/google_my_business_512dp.png,https://lh5.googleusercontent.com/-PHmqjc_EgoM/Vo1zG1aivdI/AAAAAAAAMdc/QiMFMYVulFsnyBNr8f82we9tmZ9_VSb-w/w2048-h1152-no/02-coverphotos-googleplus.png,https://www.gstatic.com/images/branding/product/2x/google_plus_512dp.png,عدد زيارات كبير,(021) 8350175,,,لا,,,لا,تتطلب دفع رسوم (paid_wi_fi)
49,نشاطي التجاري,Jl. Hadiah III/108,RT 03/ RW 08,,,,,Jelambar,Jakarta Barat - DKI Jakarta,ID,11460,-6.156901,106.790817,(021) 8350172,"(021) 8350173, (021) 8350174",https://www.google.com,مطعم,"بوظة,توصيل البيتزا",,09:00-17:00,09:00-17:00,09:00-17:00,09:00-17:00,09:00-17:00,23:00-02:00,"2024-12-31: 05:00-23:00, 2025-01-01: x",,,https://www.gstatic.com/images/branding/product/2x/google_my_business_512dp.png,https://lh5.googleusercontent.com/-PHmqjc_EgoM/Vo1zG1aivdI/AAAAAAAAMdc/QiMFMYVulFsnyBNr8f82we9tmZ9_VSb-w/w2048-h1152-no/02-coverphotos-googleplus.png,https://www.gstatic.com/images/branding/product/2x/google_plus_512dp.png,عدد زيارات كبير,(021) 8350176,نعم,نعم,لا,,,لا,تتطلب دفع رسوم (paid_wi_fi)
50,نشاطي التجاري,Volkat House,Ground Floor,Westfield Estate,Off Warden Road,Near Mad Over Donuts,,Mumbai,MH,IN,400026,18.97081,72.812777,074104 10173,"074104 10174, 074104 10175",https://www.google.com,مطعم,"بوظة,توصيل البيتزا",,09:00-17:00,09:00-17:00,09:00-17:00,09:00-17:00,09:00-17:00,23:00-02:00,"2024-12-31: 05:00-23:00, 2025-01-01: x",,,https://www.gstatic.com/images/branding/product/2x/google_my_business_512dp.png,https://lh5.googleusercontent.com/-PHmqjc_EgoM/Vo1zG1aivdI/AAAAAAAAMdc/QiMFMYVulFsnyBNr8f82we9tmZ9_VSb-w/w2048-h1152-no/02-coverphotos-googleplus.png,https://www.gstatic.com/images/branding/product/2x/google_plus_512dp.png,عدد زيارات كبير,074104 10177,لا,نعم,لا,,,لا,تتطلب دفع رسوم (paid_wi_fi)
51,نشاطي التجاري,H. No. 9-5-503/F/17,Jawahar Colony,Jubliee Hills,Road No. 5,Near Yousufguda Stadium,,Hyderabad,TG,IN,500033,,,074104 10174,"074104 10175, 074104 10176",https://www.google.com,مطعم,"بوظة,توصيل البيتزا",,09:00-17:00,09:00-17:00,09:00-17:00,09:00-17:00,09:00-17:00,23:00-02:00,"2024-12-31: 05:00-23:00, 2025-01-01: x",,,https://www.gstatic.com/images/branding/product/2x/google_my_business_512dp.png,https://lh5.googleusercontent.com/-PHmqjc_EgoM/Vo1zG1aivdI/AAAAAAAAMdc/QiMFMYVulFsnyBNr8f82we9tmZ9_VSb-w/w2048-h1152-no/02-coverphotos-googleplus.png,https://www.gstatic.com/images/branding/product/2x/google_plus_512dp.png,عدد زيارات كبير,074104 10178,,لا,لا,,,لا,تتطلب دفع رسوم (paid_wi_fi)
52,نشاطي التجاري,Viale Europa 300,,,,,,Milano,MI,IT,20123,,,02 1234 5730,"02 1234 5731, 02 1234 5732",https://www.google.com,مطعم,"بوظة,توصيل البيتزا",,09:00-17:00,09:00-17:00,09:00-17:00,09:00-17:00,09:00-17:00,23:00-02:00,"2024-12-31: 05:00-23:00, 2025-01-01: x",,,https://www.gstatic.com/images/branding/product/2x/google_my_business_512dp.png,https://lh5.googleusercontent.com/-PHmqjc_EgoM/Vo1zG1aivdI/AAAAAAAAMdc/QiMFMYVulFsnyBNr8f82we9tmZ9_VSb-w/w2048-h1152-no/02-coverphotos-googleplus.png,https://www.gstatic.com/images/branding/product/2x/google_plus_512dp.png,عدد زيارات كبير,02 1234 5734,نعم,لا,لا,,,لا,تتطلب دفع رسوم (paid_wi_fi)
53,نشاطي التجاري,Interno 6 Piano 3,Via Aldo Moro 16,,,,,Chivasso,TO,IT,10034,,,02 1234 5731,"02 1234 5732, 02 1234 5733",https://www.google.com,مطعم,"بوظة,توصيل البيتزا",,09:00-17:00,09:00-17:00,09:00-17:00,09:00-17:00,09:00-17:00,23:00-02:00,"2024-12-31: 05:00-23:00, 2025-01-01: x",,,https://www.gstatic.com/images/branding/product/2x/google_my_business_512dp.png,https://lh5.googleusercontent.com/-PHmqjc_EgoM/Vo1zG1aivdI/AAAAAAAAMdc/QiMFMYVulFsnyBNr8f82we9tmZ9_VSb-w/w2048-h1152-no/02-coverphotos-googleplus.png,https://www.gstatic.com/images/branding/product/2x/google_plus_512dp.png,عدد زيارات كبير,02 1234 5735,لا,,لا,,,لا,تتطلب دفع رسوم (paid_wi_fi)
54,نشاطي التجاري,San Marco 277,,,,,,Venezia,VE,IT,30124,,,02 1234 5732,"02 1234 5733, 02 1234 5734",https://www.google.com,مطعم,"بوظة,توصيل البيتزا",,09:00-17:00,09:00-17:00,09:00-17:00,09:00-17:00,09:00-17:00,23:00-02:00,"2024-12-31: 05:00-23:00, 2025-01-01: x",,,https://www.gstatic.com/images/branding/product/2x/google_my_business_512dp.png,https://lh5.googleusercontent.com/-PHmqjc_EgoM/Vo1zG1aivdI/AAAAAAAAMdc/QiMFMYVulFsnyBNr8f82we9tmZ9_VSb-w/w2048-h1152-no/02-coverphotos-googleplus.png,https://www.gstatic.com/images/branding/product/2x/google_plus_512dp.png,عدد زيارات كبير,02 1234 5736,,,لا,,,لا,تتطلب دفع رسوم (paid_wi_fi)
55,نشاطي التجاري,Calle Larga Contarina,San Marco 3345,,,,,Venezia,VE,IT,30124,,,02 1234 5733,"02 1234 5734, 02 1234 5735",https://www.google.com,مطعم,"بوظة,توصيل البيتزا",,09:00-17:00,09:00-17:00,09:00-17:00,09:00-17:00,09:00-17:00,23:00-02:00,"2024-12-31: 05:00-23:00, 2025-01-01: x",,,https://www.gstatic.com/images/branding/product/2x/google_my_business_512dp.png,https://lh5.googleusercontent.com/-PHmqjc_EgoM/Vo1zG1aivdI/AAAAAAAAMdc/QiMFMYVulFsnyBNr8f82we9tmZ9_VSb-w/w2048-h1152-no/02-coverphotos-googleplus.png,https://www.gstatic.com/images/branding/product/2x/google_plus_512dp.png,عدد زيارات كبير,02 1234 5737,نعم,نعم,لا,,,لا,تتطلب دفع رسوم (paid_wi_fi)
56,نشاطي التجاري,Via Ghibellina 54r,,,,,,Firenze,FI,IT,50122,,,02 1234 5734,"02 1234 5735, 02 1234 5736",https://www.google.com,مطعم,"بوظة,توصيل البيتزا",,09:00-17:00,09:00-17:00,09:00-17:00,09:00-17:00,09:00-17:00,23:00-02:00,"2024-12-31: 05:00-23:00, 2025-01-01: x",,,https://www.gstatic.com/images/branding/product/2x/google_my_business_512dp.png,https://lh5.googleusercontent.com/-PHmqjc_EgoM/Vo1zG1aivdI/AAAAAAAAMdc/QiMFMYVulFsnyBNr8f82we9tmZ9_VSb-w/w2048-h1152-no/02-coverphotos-googleplus.png,https://www.gstatic.com/images/branding/product/2x/google_plus_512dp.png,عدد زيارات كبير,02 1234 5738,لا,نعم,لا,,,لا,تتطلب دفع رسوم (paid_wi_fi)
57,نشاطي التجاري,C/o Auchan Via Rovato 48,,,,,,Padova,PD,IT,35137,,,02 1234 5735,"02 1234 5736, 02 1234 5737",https://www.google.com,مطعم,"بوظة,توصيل البيتزا",,09:00-17:00,09:00-17:00,09:00-17:00,09:00-17:00,09:00-17:00,23:00-02:00,"2024-12-31: 05:00-23:00, 2025-01-01: x",,,https://www.gstatic.com/images/branding/product/2x/google_my_business_512dp.png,https://lh5.googleusercontent.com/-PHmqjc_EgoM/Vo1zG1aivdI/AAAAAAAAMdc/QiMFMYVulFsnyBNr8f82we9tmZ9_VSb-w/w2048-h1152-no/02-coverphotos-googleplus.png,https://www.gstatic.com/images/branding/product/2x/google_plus_512dp.png,عدد زيارات كبير,02 1234 5739,,لا,لا,,,لا,تتطلب دفع رسوم (paid_wi_fi)
58,نشاطي التجاري,Zona Industriale,Via del Progresso 40,,,,,Lecce,LE,IT,73100,,,02 1234 5736,"02 1234 5737, 02 1234 5738",https://www.google.com,مطعم,"بوظة,توصيل البيتزا",,09:00-17:00,09:00-17:00,09:00-17:00,09:00-17:00,09:00-17:00,23:00-02:00,"2024-12-31: 05:00-23:00, 2025-01-01: x",,,https://www.gstatic.com/images/branding/product/2x/google_my_business_512dp.png,https://lh5.googleusercontent.com/-PHmqjc_EgoM/Vo1zG1aivdI/AAAAAAAAMdc/QiMFMYVulFsnyBNr8f82we9tmZ9_VSb-w/w2048-h1152-no/02-coverphotos-googleplus.png,https://www.gstatic.com/images/branding/product/2x/google_plus_512dp.png,عدد زيارات كبير,02 1234 5740,نعم,لا,لا,,,لا,تتطلب دفع رسوم (paid_wi_fi)
59,نشاطي التجاري,札幌市中央区北４条西４−2,,,,,,,北海道,JP,060-0004,,,03-1234-5737,"03-1234-5738, 03-1234-5739",https://www.google.com,مطعم,"بوظة,توصيل البيتزا",,09:00-17:00,09:00-17:00,09:00-17:00,09:00-17:00,09:00-17:00,23:00-02:00,"2024-12-31: 05:00-23:00, 2025-01-01: x",,,https://www.gstatic.com/images/branding/product/2x/google_my_business_512dp.png,https://lh5.googleusercontent.com/-PHmqjc_EgoM/Vo1zG1aivdI/AAAAAAAAMdc/QiMFMYVulFsnyBNr8f82we9tmZ9_VSb-w/w2048-h1152-no/02-coverphotos-googleplus.png,https://www.gstatic.com/images/branding/product/2x/google_plus_512dp.png,عدد زيارات كبير,03-1234-5741,لا,,لا,,,لا,تتطلب دفع رسوم (paid_wi_fi)
60,نشاطي التجاري,雨竜郡秩父別町秩父別4105,,,,,,,北海道,JP,078-2100,,,03-1234-5738,"03-1234-5739, 03-1234-5740",https://www.google.com,مطعم,"بوظة,توصيل البيتزا",,09:00-17:00,09:00-17:00,09:00-17:00,09:00-17:00,09:00-17:00,23:00-02:00,"2024-12-31: 05:00-23:00, 2025-01-01: x",,,https://www.gstatic.com/images/branding/product/2x/google_my_business_512dp.png,https://lh5.googleusercontent.com/-PHmqjc_EgoM/Vo1zG1aivdI/AAAAAAAAMdc/QiMFMYVulFsnyBNr8f82we9tmZ9_VSb-w/w2048-h1152-no/02-coverphotos-googleplus.png,,افتتح مؤخرًا,03-1234-5742,,,,,,,
61,نشاطي التجاري,京都市大原井出町370,,,,,,,京都府,JP,601-1246,,,03-1234-5739,"03-1234-5740, 03-1234-5741",https://www.google.com,مطعم,"بوظة,توصيل البيتزا",,09:00-17:00,09:00-17:00,09:00-17:00,09:00-17:00,09:00-17:00,23:00-02:00,"2024-12-31: 05:00-23:00, 2025-01-01: x",,,https://www.gstatic.com/images/branding/product/2x/google_my_business_512dp.png,https://lh5.googleusercontent.com/-PHmqjc_EgoM/Vo1zG1aivdI/AAAAAAAAMdc/QiMFMYVulFsnyBNr8f82we9tmZ9_VSb-w/w2048-h1152-no/02-coverphotos-googleplus.png,,افتتح مؤخرًا,03-1234-5743,نعم,نعم,,,,,
62,نشاطي التجاري,利島村50,,,,,,,東京都,JP,100-0301,,,03-1234-5740,"03-1234-5741, 03-1234-5742",https://www.google.com,مطعم,"بوظة,توصيل البيتزا",,09:00-17:00,09:00-17:00,09:00-17:00,09:00-17:00,09:00-17:00,23:00-02:00,"2024-12-31: 05:00-23:00, 2025-01-01: x",,,https://www.gstatic.com/images/branding/product/2x/google_my_business_512dp.png,https://lh5.googleusercontent.com/-PHmqjc_EgoM/Vo1zG1aivdI/AAAAAAAAMdc/QiMFMYVulFsnyBNr8f82we9tmZ9_VSb-w/w2048-h1152-no/02-coverphotos-googleplus.png,,افتتح مؤخرًا,03-1234-5744,لا,نعم,,,,,
63,نشاطي التجاري,勝浦郡勝浦町大字生名字月ノ瀬35−2,,,,,,,徳島県,JP,771-4303,,,03-1234-5741,"03-1234-5742, 03-1234-5743",https://www.google.com,مطعم,"بوظة,توصيل البيتزا",,09:00-17:00,09:00-17:00,09:00-17:00,09:00-17:00,09:00-17:00,23:00-02:00,"2024-12-31: 05:00-23:00, 2025-01-01: x",,,https://www.gstatic.com/images/branding/product/2x/google_my_business_512dp.png,https://lh5.googleusercontent.com/-PHmqjc_EgoM/Vo1zG1aivdI/AAAAAAAAMdc/QiMFMYVulFsnyBNr8f82we9tmZ9_VSb-w/w2048-h1152-no/02-coverphotos-googleplus.png,,افتتح مؤخرًا,03-1234-5745,,لا,,,,,
64,نشاطي التجاري,港区六本木６丁目10-8,22階,,,,,,東京都,JP,106-6126,,,03-1234-5742,"03-1234-5743, 03-1234-5744",https://www.google.com,مطعم,"بوظة,توصيل البيتزا",,09:00-17:00,09:00-17:00,09:00-17:00,09:00-17:00,09:00-17:00,23:00-02:00,"2024-12-31: 05:00-23:00, 2025-01-01: x",,,https://www.gstatic.com/images/branding/product/2x/google_my_business_512dp.png,https://lh5.googleusercontent.com/-PHmqjc_EgoM/Vo1zG1aivdI/AAAAAAAAMdc/QiMFMYVulFsnyBNr8f82we9tmZ9_VSb-w/w2048-h1152-no/02-coverphotos-googleplus.png,,افتتح مؤخرًا,03-1234-5746,نعم,لا,,,,,
65,نشاطي التجاري,千代田区丸の内2丁目8-9,JPタワー KITTE 5F,,,,,,東京都,JP,100-7005,,,03-1234-5743,"03-1234-5744, 03-1234-5745",https://www.google.com,مطعم,"بوظة,توصيل البيتزا",,09:00-17:00,09:00-17:00,09:00-17:00,09:00-17:00,09:00-17:00,23:00-02:00,"2024-12-31: 05:00-23:00, 2025-01-01: x",,,https://www.gstatic.com/images/branding/product/2x/google_my_business_512dp.png,https://lh5.googleusercontent.com/-PHmqjc_EgoM/Vo1zG1aivdI/AAAAAAAAMdc/QiMFMYVulFsnyBNr8f82we9tmZ9_VSb-w/w2048-h1152-no/02-coverphotos-googleplus.png,,افتتح مؤخرًا,03-1234-5747,لا,,,,,,
66,نشاطي التجاري,高崎市鼻高町47-6,市営鼻高団地７９−Ｊ棟 405号,,,,,,群馬県,JP,370-0868,,,03-1234-5744,"03-1234-5745, 03-1234-5746",https://www.google.com,مطعم,"بوظة,توصيل البيتزا",,09:00-17:00,09:00-17:00,09:00-17:00,09:00-17:00,09:00-17:00,23:00-02:00,"2024-12-31: 05:00-23:00, 2025-01-01: x",,,https://www.gstatic.com/images/branding/product/2x/google_my_business_512dp.png,https://lh5.googleusercontent.com/-PHmqjc_EgoM/Vo1zG1aivdI/AAAAAAAAMdc/QiMFMYVulFsnyBNr8f82we9tmZ9_VSb-w/w2048-h1152-no/02-coverphotos-googleplus.png,,افتتح مؤخرًا,03-1234-5748,,,,,,,
67,نشاطي التجاري,Rancho las Abejas 28,,,,,Residencial Los Sauces,México,D.F.,MX,04940,,,200 123 4634,"200 123 4635, 200 123 4636",https://www.google.com,مطعم,"بوظة,توصيل البيتزا",,09:00-17:00,09:00-17:00,09:00-17:00,09:00-17:00,09:00-17:00,23:00-02:00,"2024-12-31: 05:00-23:00, 2025-01-01: x",,,https://www.gstatic.com/images/branding/product/2x/google_my_business_512dp.png,https://lh5.googleusercontent.com/-PHmqjc_EgoM/Vo1zG1aivdI/AAAAAAAAMdc/QiMFMYVulFsnyBNr8f82we9tmZ9_VSb-w/w2048-h1152-no/02-coverphotos-googleplus.png,,افتتح مؤخرًا,200 123 4638,نعم,نعم,,,,,
68,نشاطي التجاري,Cerro Bacatete 105,,,,,Col. Lomas de Mazatlán,Mazatlán,Sinaloa,MX,82110,,,200 123 4635,"200 123 4636, 200 123 4637",https://www.google.com,مطعم,"بوظة,توصيل البيتزا",,09:00-17:00,09:00-17:00,09:00-17:00,09:00-17:00,09:00-17:00,23:00-02:00,"2024-12-31: 05:00-23:00, 2025-01-01: x",,,https://www.gstatic.com/images/branding/product/2x/google_my_business_512dp.png,https://lh5.googleusercontent.com/-PHmqjc_EgoM/Vo1zG1aivdI/AAAAAAAAMdc/QiMFMYVulFsnyBNr8f82we9tmZ9_VSb-w/w2048-h1152-no/02-coverphotos-googleplus.png,,افتتح مؤخرًا,200 123 4639,لا,نعم,,,,,
69,نشاطي التجاري,Calzada de Tlalpan 1507,,,,,Portales,Ciudad de México,D.F.,MX,03300,,,200 123 4636,"200 123 4637, 200 123 4638",https://www.google.com,مطعم,"بوظة,توصيل البيتزا",,09:00-17:00,09:00-17:00,09:00-17:00,09:00-17:00,09:00-17:00,23:00-02:00,"2024-12-31: 05:00-23:00, 2025-01-01: x",,,https://www.gstatic.com/images/branding/product/2x/google_my_business_512dp.png,https://lh5.googleusercontent.com/-PHmqjc_EgoM/Vo1zG1aivdI/AAAAAAAAMdc/QiMFMYVulFsnyBNr8f82we9tmZ9_VSb-w/w2048-h1152-no/02-coverphotos-googleplus.png,,افتتح مؤخرًا,200 123 4640,,لا,,,,,
70,نشاطي التجاري,Calzada Circunvalación Poniente No. 49,,,,,Ciudad Granja,Zapopan,JAL,MX,45100,,,200 123 4637,"200 123 4638, 200 123 4639",https://www.google.com,مطعم,"بوظة,توصيل البيتزا",,09:00-17:00,09:00-17:00,09:00-17:00,09:00-17:00,09:00-17:00,23:00-02:00,"2024-12-31: 05:00-23:00, 2025-01-01: x",,,https://www.gstatic.com/images/branding/product/2x/google_my_business_512dp.png,https://lh5.googleusercontent.com/-PHmqjc_EgoM/Vo1zG1aivdI/AAAAAAAAMdc/QiMFMYVulFsnyBNr8f82we9tmZ9_VSb-w/w2048-h1152-no/02-coverphotos-googleplus.png,,افتتح مؤخرًا,200 123 4641,نعم,لا,,,,,
71,نشاطي التجاري,Av. Eugenio Garza Sada No. 2411,,,,,Col. Roma,Monterrey,NL,MX,64700,,,200 123 4638,"200 123 4639, 200 123 4640",https://www.google.com,مطعم,"بوظة,توصيل البيتزا",,09:00-17:00,09:00-17:00,09:00-17:00,09:00-17:00,09:00-17:00,23:00-02:00,"2024-12-31: 05:00-23:00, 2025-01-01: x",,,https://www.gstatic.com/images/branding/product/2x/google_my_business_512dp.png,https://lh5.googleusercontent.com/-PHmqjc_EgoM/Vo1zG1aivdI/AAAAAAAAMdc/QiMFMYVulFsnyBNr8f82we9tmZ9_VSb-w/w2048-h1152-no/02-coverphotos-googleplus.png,,افتتح مؤخرًا,200 123 4642,لا,,,,,,
72,نشاطي التجاري,Park Lane,,,,,Apapa,Lagos,,NG,100001,,,01 804 0195,"01 804 0196, 01 804 0197",https://www.google.com,مطعم,"بوظة,توصيل البيتزا",,09:00-17:00,09:00-17:00,09:00-17:00,09:00-17:00,09:00-17:00,23:00-02:00,"2024-12-31: 05:00-23:00, 2025-01-01: x",,,https://www.gstatic.com/images/branding/product/2x/google_my_business_512dp.png,https://lh5.googleusercontent.com/-PHmqjc_EgoM/Vo1zG1aivdI/AAAAAAAAMdc/QiMFMYVulFsnyBNr8f82we9tmZ9_VSb-w/w2048-h1152-no/02-coverphotos-googleplus.png,,افتتح مؤخرًا,01 804 0199,,,,,,,
73,نشاطي التجاري,Ring Road Roundabout,,,,,Oka,Benin City,,NG,,,,01 804 0196,"01 804 0197, 01 804 0198",https://www.google.com,مطعم,"بوظة,توصيل البيتزا",,09:00-17:00,09:00-17:00,09:00-17:00,09:00-17:00,09:00-17:00,23:00-02:00,"2024-12-31: 05:00-23:00, 2025-01-01: x",,,https://www.gstatic.com/images/branding/product/2x/google_my_business_512dp.png,https://lh5.googleusercontent.com/-PHmqjc_EgoM/Vo1zG1aivdI/AAAAAAAAMdc/QiMFMYVulFsnyBNr8f82we9tmZ9_VSb-w/w2048-h1152-no/02-coverphotos-googleplus.png,,افتتح مؤخرًا,01 804 0200,نعم,نعم,,,,,
74,نشاطي التجاري,7 Ugbogbo Rd,By Ogogoro Street Junction,,,,Akoko-Edo,Igarra,Edo,NG,,,,01 804 0197,"01 804 0198, 01 804 0199",https://www.google.com,مطعم,"بوظة,توصيل البيتزا",,09:00-17:00,09:00-17:00,09:00-17:00,09:00-17:00,09:00-17:00,23:00-02:00,"2024-12-31: 05:00-23:00, 2025-01-01: x",,,https://www.gstatic.com/images/branding/product/2x/google_my_business_512dp.png,https://lh5.googleusercontent.com/-PHmqjc_EgoM/Vo1zG1aivdI/AAAAAAAAMdc/QiMFMYVulFsnyBNr8f82we9tmZ9_VSb-w/w2048-h1152-no/02-coverphotos-googleplus.png,,افتتح مؤخرًا,01 804 0201,لا,نعم,,,,,
75,نشاطي التجاري,Klaverstraat 111,,,,,,Amsterdam,,NL,1012 NX,,,010 123 4642,"010 123 4643, 010 123 4644",https://www.google.com,مطعم,"بوظة,توصيل البيتزا",,09:00-17:00,09:00-17:00,09:00-17:00,09:00-17:00,09:00-17:00,23:00-02:00,"2024-12-31: 05:00-23:00, 2025-01-01: x",,,https://www.gstatic.com/images/branding/product/2x/google_my_business_512dp.png,https://lh5.googleusercontent.com/-PHmqjc_EgoM/Vo1zG1aivdI/AAAAAAAAMdc/QiMFMYVulFsnyBNr8f82we9tmZ9_VSb-w/w2048-h1152-no/02-coverphotos-googleplus.png,,افتتح مؤخرًا,010 123 4646,,لا,,,,,
76,نشاطي التجاري,Korte Vijverberg 500,"Blok 3, kamer 210",,,,,Den Haag,,NL,2513 AB,,,010 123 4643,"010 123 4644, 010 123 4645",https://www.google.com,مطعم,"بوظة,توصيل البيتزا",,09:00-17:00,09:00-17:00,09:00-17:00,09:00-17:00,09:00-17:00,23:00-02:00,"2024-12-31: 05:00-23:00, 2025-01-01: x",,,https://www.gstatic.com/images/branding/product/2x/google_my_business_512dp.png,https://lh5.googleusercontent.com/-PHmqjc_EgoM/Vo1zG1aivdI/AAAAAAAAMdc/QiMFMYVulFsnyBNr8f82we9tmZ9_VSb-w/w2048-h1152-no/02-coverphotos-googleplus.png,,افتتح مؤخرًا,010 123 4647,نعم,لا,,,,,
77,نشاطي التجاري,Churchilllaan 22/5,,,,,,Utrecht,,NL,3527 GV,,,010 123 4644,"010 123 4645, 010 123 4646",https://www.google.com,مطعم,"بوظة,توصيل البيتزا",,09:00-17:00,09:00-17:00,09:00-17:00,09:00-17:00,09:00-17:00,23:00-02:00,"2024-12-31: 05:00-23:00, 2025-01-01: x",,,https://www.gstatic.com/images/branding/product/2x/google_my_business_512dp.png,https://lh5.googleusercontent.com/-PHmqjc_EgoM/Vo1zG1aivdI/AAAAAAAAMdc/QiMFMYVulFsnyBNr8f82we9tmZ9_VSb-w/w2048-h1152-no/02-coverphotos-googleplus.png,,افتتح مؤخرًا,010 123 4648,لا,,,,,,
78,نشاطي التجاري,150 Calle A,,,,,,San Juan,,PR,00920,,,(787) 234-5756,"(787) 234-5757, (787) 234-5758",https://www.google.com,مطعم,"بوظة,توصيل البيتزا",,09:00-17:00,09:00-17:00,09:00-17:00,09:00-17:00,09:00-17:00,23:00-02:00,"2024-12-31: 05:00-23:00, 2025-01-01: x",,,https://www.gstatic.com/images/branding/product/2x/google_my_business_512dp.png,https://lh5.googleusercontent.com/-PHmqjc_EgoM/Vo1zG1aivdI/AAAAAAAAMdc/QiMFMYVulFsnyBNr8f82we9tmZ9_VSb-w/w2048-h1152-no/02-coverphotos-googleplus.png,,افتتح مؤخرًا,(787) 234-5760,,,,,,,
79,نشاطي التجاري,"Озерная аллея, д.4, стр. 5",,,,,,"г.Зеленоград, г.Москва",,RU,124460,,,8 (301) 123-46-46,"8 (301) 123-46-47, 8 (301) 123-46-48",https://www.google.com,مطعم,"بوظة,توصيل البيتزا",,09:00-17:00,09:00-17:00,09:00-17:00,09:00-17:00,09:00-17:00,23:00-02:00,"2024-12-31: 05:00-23:00, 2025-01-01: x",,,https://www.gstatic.com/images/branding/product/2x/google_my_business_512dp.png,https://lh5.googleusercontent.com/-PHmqjc_EgoM/Vo1zG1aivdI/AAAAAAAAMdc/QiMFMYVulFsnyBNr8f82we9tmZ9_VSb-w/w2048-h1152-no/02-coverphotos-googleplus.png,,افتتح مؤخرًا,8 (301) 123-46-50,نعم,نعم,,,,,
80,نشاطي التجاري,"Южный микрорайон, 4-й квартал, дом 13",,,,,,г.Байкальск,Иркутская область,RU,665930,,,8 (301) 123-46-47,"8 (301) 123-46-48, 8 (301) 123-46-49",https://www.google.com,مطعم,"بوظة,توصيل البيتزا",,09:00-17:00,09:00-17:00,09:00-17:00,09:00-17:00,09:00-17:00,23:00-02:00,"2024-12-31: 05:00-23:00, 2025-01-01: x",,,https://www.gstatic.com/images/branding/product/2x/google_my_business_512dp.png,https://lh5.googleusercontent.com/-PHmqjc_EgoM/Vo1zG1aivdI/AAAAAAAAMdc/QiMFMYVulFsnyBNr8f82we9tmZ9_VSb-w/w2048-h1152-no/02-coverphotos-googleplus.png,,افتتح مؤخرًا,8 (301) 123-46-51,لا,نعم,,,,,
81,نشاطي التجاري,"ул.Победы, д.20",,,,,,п.Октябрьский,"Боровский район,Нижегородская область",RU,606480,56.294154,44.170141,8 (301) 123-46-48,"8 (301) 123-46-49, 8 (301) 123-46-50",https://www.google.com,مطعم,"بوظة,توصيل البيتزا",,09:00-17:00,09:00-17:00,09:00-17:00,09:00-17:00,09:00-17:00,23:00-02:00,"2024-12-31: 05:00-23:00, 2025-01-01: x",,,https://www.gstatic.com/images/branding/product/2x/google_my_business_512dp.png,https://lh5.googleusercontent.com/-PHmqjc_EgoM/Vo1zG1aivdI/AAAAAAAAMdc/QiMFMYVulFsnyBNr8f82we9tmZ9_VSb-w/w2048-h1152-no/02-coverphotos-googleplus.png,,افتتح مؤخرًا,8 (301) 123-46-52,,لا,,,,,
82,نشاطي التجاري,к.1,,,,,,"г.Москва, п.Сосенское, п.Коммунарка",,RU,152333,,,8 (301) 123-46-49,"8 (301) 123-46-50, 8 (301) 123-46-51",https://www.google.com,مطعم,"بوظة,توصيل البيتزا",,09:00-17:00,09:00-17:00,09:00-17:00,09:00-17:00,09:00-17:00,23:00-02:00,"2024-12-31: 05:00-23:00, 2025-01-01: x",,,https://www.gstatic.com/images/branding/product/2x/google_my_business_512dp.png,https://lh5.googleusercontent.com/-PHmqjc_EgoM/Vo1zG1aivdI/AAAAAAAAMdc/QiMFMYVulFsnyBNr8f82we9tmZ9_VSb-w/w2048-h1152-no/02-coverphotos-googleplus.png,,افتتح مؤخرًا,8 (301) 123-46-53,نعم,لا,,,,,
83,نشاطي التجاري,"Сибирский тракт, 8-й километр",,,,,,Екатеринбург,,RU,620030,,,8 (301) 123-46-50,"8 (301) 123-46-51, 8 (301) 123-46-52",https://www.google.com,مطعم,"بوظة,توصيل البيتزا",,09:00-17:00,09:00-17:00,09:00-17:00,09:00-17:00,09:00-17:00,23:00-02:00,"2024-12-31: 05:00-23:00, 2025-01-01: x",,,https://www.gstatic.com/images/branding/product/2x/google_my_business_512dp.png,https://lh5.googleusercontent.com/-PHmqjc_EgoM/Vo1zG1aivdI/AAAAAAAAMdc/QiMFMYVulFsnyBNr8f82we9tmZ9_VSb-w/w2048-h1152-no/02-coverphotos-googleplus.png,,افتتح مؤخرًا,8 (301) 123-46-54,لا,,,,,,
84,نشاطي التجاري,Malmvägen 11,,,,,,Bromölla,,SE,593 72,,,08-12 35 40,"08-12 35 41, 08-12 35 42",https://www.google.com,مطعم,"بوظة,توصيل البيتزا",,09:00-17:00,09:00-17:00,09:00-17:00,09:00-17:00,09:00-17:00,23:00-02:00,"2024-12-31: 05:00-23:00, 2025-01-01: x",,,https://www.gstatic.com/images/branding/product/2x/google_my_business_512dp.png,https://lh5.googleusercontent.com/-PHmqjc_EgoM/Vo1zG1aivdI/AAAAAAAAMdc/QiMFMYVulFsnyBNr8f82we9tmZ9_VSb-w/w2048-h1152-no/02-coverphotos-googleplus.png,,افتتح مؤخرًا,08-12 35 44,,,,,,,
85,نشاطي التجاري,Malingsbo Fridagården 1,,,,,,Trosa,,SE,614 96,,,08-12 35 41,"08-12 35 42, 08-12 35 43",https://www.google.com,مطعم,"بوظة,توصيل البيتزا",,09:00-17:00,09:00-17:00,09:00-17:00,09:00-17:00,09:00-17:00,23:00-02:00,"2024-12-31: 05:00-23:00, 2025-01-01: x",,,https://www.gstatic.com/images/branding/product/2x/google_my_business_512dp.png,https://lh5.googleusercontent.com/-PHmqjc_EgoM/Vo1zG1aivdI/AAAAAAAAMdc/QiMFMYVulFsnyBNr8f82we9tmZ9_VSb-w/w2048-h1152-no/02-coverphotos-googleplus.png,,افتتح مؤخرًا,08-12 35 45,نعم,نعم,,,,,
86,نشاطي التجاري,Birger Jarlsgatan 61,4tr,,,,,Stockholm,,SE,113 56,,,08-12 35 42,"08-12 35 43, 08-12 35 44",https://www.google.com,مطعم,"بوظة,توصيل البيتزا",,09:00-17:00,09:00-17:00,09:00-17:00,09:00-17:00,09:00-17:00,23:00-02:00,"2024-12-31: 05:00-23:00, 2025-01-01: x",,,https://www.gstatic.com/images/branding/product/2x/google_my_business_512dp.png,https://lh5.googleusercontent.com/-PHmqjc_EgoM/Vo1zG1aivdI/AAAAAAAAMdc/QiMFMYVulFsnyBNr8f82we9tmZ9_VSb-w/w2048-h1152-no/02-coverphotos-googleplus.png,,افتتح مؤخرًا,08-12 35 46,لا,نعم,,,,,
87,نشاطي التجاري,1599 Amphitheatre Parkway,,,,,,Mountain View,CA,US,94043,,,(201) 555-0210,"(201) 555-0211, (201) 555-0212",https://www.google.com,مطعم,"بوظة,توصيل البيتزا",,09:00-17:00,09:00-17:00,09:00-17:00,09:00-17:00,09:00-17:00,23:00-02:00,"2024-12-31: 05:00-23:00, 2025-01-01: x",,,https://www.gstatic.com/images/branding/product/2x/google_my_business_512dp.png,https://lh5.googleusercontent.com/-PHmqjc_EgoM/Vo1zG1aivdI/AAAAAAAAMdc/QiMFMYVulFsnyBNr8f82we9tmZ9_VSb-w/w2048-h1152-no/02-coverphotos-googleplus.png,,افتتح مؤخرًا,(201) 555-0214,,لا,,,,,
88,نشاطي التجاري,678 Lafayette Ave,Suite 2B,,,,,Brooklyn,NY,US,11216,,,(201) 555-0211,"(201) 555-0212, (201) 555-0213",https://www.google.com,مطعم,"بوظة,توصيل البيتزا",,09:00-17:00,09:00-17:00,09:00-17:00,09:00-17:00,09:00-17:00,23:00-02:00,"2024-12-31: 05:00-23:00, 2025-01-01: x",,,https://www.gstatic.com/images/branding/product/2x/google_my_business_512dp.png,https://lh5.googleusercontent.com/-PHmqjc_EgoM/Vo1zG1aivdI/AAAAAAAAMdc/QiMFMYVulFsnyBNr8f82we9tmZ9_VSb-w/w2048-h1152-no/02-coverphotos-googleplus.png,,افتتح مؤخرًا,(201) 555-0215,نعم,لا,,,,,
89,نشاطي التجاري,2461 U.S. 101,,,,,,Florence,OR,US,97439,,,(201) 555-0212,"(201) 555-0213, (201) 555-0214",https://www.google.com,مطعم,"بوظة,توصيل البيتزا",,09:00-17:00,09:00-17:00,09:00-17:00,09:00-17:00,09:00-17:00,23:00-02:00,"2024-12-31: 05:00-23:00, 2025-01-01: x",,,https://www.gstatic.com/images/branding/product/2x/google_my_business_512dp.png,https://lh5.googleusercontent.com/-PHmqjc_EgoM/Vo1zG1aivdI/AAAAAAAAMdc/QiMFMYVulFsnyBNr8f82we9tmZ9_VSb-w/w2048-h1152-no/02-coverphotos-googleplus.png,,افتتح مؤخرًا,(201) 555-0216,لا,,,,,,
